0.0,0.0,0.078,0.15,0.122,0,0.033,0.089,0,0.208,0.019,0,0.058,0.044,0.117,0.008,0,0.072,0,307,0.061,0.065,0.0
0.0,0.0,0.063,0.159,0.126,0,0.022,0.07,0,0.185,0.06,0,0.042,0.09,0.127,0.009,0,0.048,0,688,0.025,0.038,1
0.0,0.0,0.055,0.152,0.134,0,0.01,0.081,0,0.17,0.06,0,0.05,0.086,0.147,0.013,0,0.042,0,310,0.012,0.076,0.0
52.0,56.0,0.069,0.16,0.091,0,0.029,0.063,0,0.194,0.029,0,0.046,0.103,0.131,0.006,0,0.08,0,150,0.043,0.043,0.0
0.0,0.0,0.064,0.151,0.084,0,0.028,0.068,0,0.21,0.074,0,0.04,0.068,0.166,0.003,0,0.046,0,599,0.023,0.019,0.0
43.16,56.5,0.08,0.184,0.056,0,0.034,0.056,0,0.218,0.048,0,0.023,0.108,0.146,0.006,0,0.042,0,1312,0.03,0.059,1
36.62,12.25,0.144,0.205,0.103,0,0.021,0.034,0,0.233,0.014,0,0.014,0.034,0.082,0.014,0,0.103,0,131,0.042,0.084,0.0
0.0,0.0,0.087,0.126,0.067,0,0.012,0.098,0,0.189,0.039,0,0.031,0.13,0.15,0.016,0,0.055,0,206,0.053,0.029,0.0
0.0,0.0,0.038,0.152,0.106,0,0.045,0.106,0,0.212,0.038,0,0.03,0.008,0.121,0.03,0,0.114,0,117,0.035,0.071,0.0
32.84,14.56,0.067,0.133,0.033,0,0.033,0.05,0,0.133,0,0,0.017,0.217,0.267,0,0,0.05,0,42,0.0,0.0,0.0
0.0,0.0,0.068,0.167,0.102,0,0.015,0.08,0,0.235,0.028,0,0.031,0.053,0.158,0.009,0,0.053,0,264,0.038,0.058,1
41.61,34.55,0.127,0.184,0.062,0,0.014,0.056,0,0.288,0.065,0,0.006,0.037,0.13,0.006,0,0.025,0,283,0.016,0.049,1
42.67,52.17,0.088,0.188,0.058,0,0.014,0.058,0,0.25,0.07,0,0.024,0.054,0.15,0.003,0,0.043,0,911,0.037,0.046,1
42.4,24.8,0.084,0.206,0.089,0,0.02,0.05,0,0.242,0.065,0,0.025,0.075,0.122,0.005,0,0.017,0,516,0.02,0.066,1
41.0,30.33,0.118,0.191,0.067,0,0.016,0.081,0,0.245,0.033,0,0.018,0.061,0.129,0.009,0,0.033,0,592,0.062,0.064,1
42.75,37.25,0.095,0.135,0.131,0,0.015,0.08,0,0.219,0.029,0,0.033,0.047,0.161,0.004,0,0.051,0,226,0.044,0.011,1
53.0,63.0,0.103,0.192,0.073,0,0.019,0.088,0,0.233,0.032,0,0.032,0.028,0.116,0.011,0,0.071,0,401,0.063,0.04,0.0
46.0,37.0,0.073,0.174,0.073,0,0.031,0.063,0,0.213,0.066,0,0.01,0.129,0.15,0.003,0,0.014,0,238,0.073,0.031,0.0
52.0,56.0,0.069,0.16,0.091,0,0.029,0.063,0,0.194,0.029,0,0.046,0.103,0.131,0.006,0,0.08,0,150,0.043,0.043,0.0
45.05,33.0,0.078,0.108,0.096,0,0.015,0.084,0,0.219,0.042,0,0.054,0.069,0.174,0.003,0,0.057,0,273,0.043,0.026,1
36.0,42.0,0.065,0.169,0.107,0,0.024,0.068,0,0.187,0.035,0,0.056,0.048,0.158,0.01,0,0.074,0,1600,0.036,0.052,1
0.0,0.0,0.075,0.167,0.08,0,0.015,0.06,0,0.226,0.058,0,0.031,0.074,0.155,0.006,0,0.053,0,647,0.029,0.029,1
41.0,48.0,0.067,0.178,0.083,0,0.028,0.1,0,0.206,0.03,0,0.03,0.088,0.127,0.012,0,0.051,0,364,0.041,0.055,1
62.33,51.67,0.063,0.167,0.1,0,0.023,0.063,0,0.226,0.063,0,0.027,0.068,0.154,0.005,0,0.041,0,180,0.019,0.071,1
0.0,0.0,0.064,0.181,0.098,0,0.04,0.05,0,0.233,0.064,0,0.038,0.048,0.135,0.004,0,0.044,0,416,0.012,0.019,1
45.0,54.0,0.066,0.184,0.038,0,0.024,0.066,0,0.208,0.033,0,0.028,0.142,0.184,0.005,0,0.024,0,170,0.027,0.047,1
0.0,0.0,0.098,0.174,0.094,0,0.018,0.067,0,0.22,0.053,0,0.025,0.06,0.137,0.007,0,0.048,0,477,0.044,0.01,1
0.0,0.0,0.073,0.162,0.056,0,0.026,0.038,0,0.205,0.056,0,0.03,0.158,0.171,0,0,0.026,0,187,0.042,0.012,1
33.42,40.65,0.08,0.176,0.084,0,0.038,0.063,0,0.248,0.088,0,0.013,0.067,0.113,0.008,0,0.021,0,207,0.02,0.093,1
0.0,0.0,0.055,0.197,0.084,0,0.022,0.048,0,0.264,0.048,0,0.022,0.081,0.146,0.001,0,0.031,0,593,0.016,0.033,1
0.0,0.0,0.084,0.17,0.064,0,0.01,0.084,0,0.176,0.039,0,0.031,0.115,0.154,0.01,0,0.061,0,548,0.027,0.033,1
0.0,0.0,0.071,0.156,0.079,0,0.023,0.04,0,0.187,0.054,0,0.014,0.153,0.201,0.003,0,0.02,0,264,0.016,0.012,1
0.0,0.0,0.094,0.183,0.075,0,0.016,0.075,0,0.222,0.046,0,0.044,0.067,0.114,0.004,0,0.062,0,827,0.055,0.026,1
0.0,0.0,0.076,0.126,0.121,0,0.033,0.081,0,0.189,0.028,0,0.051,0.114,0.134,0.005,0,0.043,0,331,0.052,0.064,1
0.0,0.0,0.056,0.143,0.099,0,0.015,0.054,0,0.173,0.037,0,0.039,0.124,0.193,0.011,0,0.056,0,1185,0.04,0.041,1
0.0,0.0,0.067,0.146,0.11,0,0.03,0.068,0,0.19,0.04,0,0.038,0.098,0.153,0.008,0,0.053,0,779,0.031,0.039,1
41.0,62.0,0.064,0.155,0.071,0,0.019,0.061,0,0.184,0.038,0,0.055,0.123,0.151,0.016,0,0.064,0,550,0.024,0.047,1
0.0,0.0,0.072,0.153,0.101,0,0.018,0.081,0,0.2,0.047,0,0.029,0.063,0.171,0.009,0,0.056,0,357,0.031,0.021,1
43.91,59.5,0.088,0.19,0.083,0,0.024,0.043,0,0.223,0.041,0,0.019,0.086,0.141,0.007,0,0.053,0,683,0.031,0.078,1
0.0,0.0,0.087,0.131,0.077,0,0.023,0.05,0,0.183,0.052,0,0.025,0.148,0.193,0.002,0,0.029,0,385,0.017,0.051,1
45.0,62.0,0.075,0.158,0.092,0,0.019,0.071,0,0.183,0.028,0,0.037,0.081,0.185,0.013,0,0.059,0,787,0.058,0.054,1
42.0,15.0,0.101,0.191,0.072,0,0.032,0.079,0,0.219,0.058,0,0.022,0.065,0.119,0.004,0,0.04,0,242,0.017,0.028,1
0.0,0.0,0.099,0.146,0.066,0,0.019,0.103,0,0.244,0.033,0,0.052,0.038,0.16,0.005,0,0.038,0,175,0.042,0.077,1
0.0,0.0,0.105,0.176,0.075,0,0.023,0.083,0,0.194,0.041,0,0.023,0.098,0.128,0.005,0,0.05,0,464,0.039,0.065,1
0.0,0.0,0.083,0.19,0.068,0,0.026,0.047,0,0.211,0.036,0,0.021,0.13,0.141,0.011,0,0.036,0,523,0.029,0.027,1
0.0,0.0,0.066,0.188,0.082,0,0.019,0.064,0,0.21,0.024,0,0.028,0.054,0.195,0.009,0,0.061,0,456,0.041,0.091,1
0.0,0.0,0.069,0.18,0.085,0,0.026,0.095,0,0.19,0.039,0,0.059,0.049,0.15,0.01,0,0.049,0,261,0.005,0.073,1
58.0,18.0,0.062,0.155,0.062,0,0.021,0.072,0,0.206,0.052,0,0.01,0.134,0.186,0,0,0.041,0,76,0.028,0.014,1
0.0,0.0,0.066,0.213,0.066,0,0.016,0.049,0,0.246,0.016,0,0.033,0.098,0.115,0,0,0.082,0,53,0.0,0.0,1
41.8,41.7,0.069,0.151,0.067,0,0.03,0.067,0,0.226,0.08,0,0.017,0.116,0.142,0.004,0,0.03,0,379,0.019,0.044,1
0.0,0.0,0.078,0.161,0.101,0,0.021,0.039,0,0.19,0.034,0,0.03,0.099,0.193,0.009,0,0.046,0,344,0.049,0.016,1
43.85,46.85,0.054,0.192,0.072,0,0.027,0.096,0,0.264,0.054,0,0.018,0.045,0.117,0.006,0,0.054,0,284,0.043,0.053,1
48.0,56.0,0.07,0.19,0.085,0,0.03,0.07,0,0.215,0.02,0,0.045,0.055,0.14,0.005,0,0.075,0,170,0.015,0.045,1
51.0,49.0,0.089,0.183,0.065,0,0.023,0.064,0,0.234,0.028,0,0.017,0.119,0.13,0.004,0,0.044,0,589,0.03,0.056,1
0.0,0.0,0.076,0.154,0.094,0,0.019,0.07,0,0.201,0.03,0,0.028,0.086,0.184,0.007,0,0.052,0,714,0.03,0.058,1
42.0,27.33,0.082,0.136,0.119,0,0.058,0.053,0,0.173,0.025,0,0.07,0.053,0.115,0.016,0,0.099,0,216,0.061,0.074,0.0
0.0,0.0,0.054,0.191,0.093,0,0.029,0.059,0,0.211,0.025,0,0.029,0.093,0.157,0.01,0,0.049,0,175,0.031,0.023,0.0
0.0,0.0,0.054,0.175,0.078,0,0.012,0.109,0,0.175,0.051,0,0.047,0.062,0.14,0.008,0,0.089,0,217,0.051,0.089,0.0
44.9,40.55,0.129,0.143,0.105,0,0.033,0.067,0,0.167,0.052,0,0.014,0.086,0.114,0.024,0,0.067,0,179,0.029,0.05,0.0
0.0,0.0,0.056,0.187,0.047,0,0.033,0.093,0,0.192,0.023,0,0.028,0.084,0.14,0.005,0,0.112,0,175,0.056,0.056,0.0
0.0,0.0,0.085,0.139,0.111,0,0.034,0.108,0,0.202,0.057,0,0.04,0.026,0.128,0.014,0,0.057,0,301,0.081,0.072,0.0
0.0,0.0,0.074,0.149,0.074,0,0.041,0.066,0,0.198,0.041,0,0.033,0.083,0.132,0.017,0,0.091,0,101,0.038,0.026,0.0
50.62,45.88,0.085,0.158,0.056,0,0.009,0.082,0,0.219,0.029,0,0.02,0.105,0.184,0.006,0,0.047,0,268,0.03,0.03,0.0
44.0,43.0,0.036,0.155,0.087,0,0.032,0.063,0,0.175,0.032,0,0.091,0.083,0.175,0.004,0,0.067,0,202,0.045,0.057,0.0
0.0,0.0,0.07,0.192,0.14,0,0.02,0.065,0,0.254,0.037,0,0.03,0.02,0.095,0.015,0,0.062,0,355,0.048,0.04,0.0
0.0,0.0,0.117,0.168,0.039,0,0.027,0.102,0,0.234,0.027,0,0.027,0.098,0.105,0.004,0,0.051,0,222,0.057,0.031,0.0
0.0,0.0,0.108,0.175,0.033,0,0.029,0.092,0,0.242,0.029,0,0.029,0.096,0.108,0.004,0,0.054,0,207,0.06,0.027,0.0
0.0,0.0,0.067,0.152,0.119,0,0.033,0.089,0,0.204,0.078,0,0.022,0.056,0.085,0.019,0,0.078,0,247,0.084,0.039,0.0
0.0,0.0,0.106,0.146,0.083,0,0.026,0.053,0,0.195,0.05,0,0.036,0.119,0.159,0,0,0.026,0,260,0.074,0.03,0.0
40.84,28.16,0.047,0.132,0.155,0,0.031,0.047,0,0.171,0.023,0,0.039,0.07,0.186,0.008,0,0.093,0,105,0.045,0.068,0.0
0.0,0.0,0.098,0.153,0.106,0,0.004,0.085,0,0.2,0.017,0,0.043,0.06,0.187,0.017,0,0.03,0,191,0.081,0.047,0.0
0.0,0.0,0.049,0.175,0.107,0,0.029,0.087,0,0.199,0.073,0,0.01,0.087,0.126,0.01,0,0.049,0,171,0.073,0.044,0.0
0.0,0.0,0.062,0.133,0.109,0,0.023,0.102,0,0.188,0.023,0,0.055,0.086,0.117,0.023,0,0.078,0,111,0.026,0.013,0.0
0.0,0.0,0.041,0.222,0.093,0,0.015,0.093,0,0.232,0.041,0,0.015,0.082,0.093,0.01,0,0.062,0,170,0.016,0.049,0.0
0.0,0.0,0.047,0.155,0.094,0,0.028,0.056,0,0.164,0.08,0,0.052,0.108,0.117,0.005,0,0.094,0,182,0.028,0.021,0.0
0.0,0.0,0.089,0.207,0.111,0,0.007,0.052,0,0.156,0.037,0,0.022,0.141,0.104,0.007,0,0.067,0,118,0.021,0.043,0.0
0.0,0.0,0.058,0.202,0.087,0,0.019,0.096,0,0.154,0.01,0,0.048,0.115,0.106,0,0,0.106,0,90,0.03,0.06,0.0
0.0,0.0,0.043,0.149,0.12,0,0.038,0.096,0,0.188,0.029,0,0.053,0.077,0.13,0.01,0,0.067,0,173,0.082,0.075,0.0
0.0,0.0,0.145,0.174,0.1,0,0.012,0.083,0,0.249,0.021,0,0.012,0.025,0.112,0.008,0,0.058,0,209,0.04,0.06,1
44.67,25.33,0.055,0.199,0.065,0,0.02,0.049,0,0.244,0.046,0,0.01,0.091,0.156,0.007,0,0.059,0,252,0.014,0.047,1
0.0,0.0,0.062,0.188,0.053,0,0.034,0.062,0,0.202,0.034,0,0.024,0.144,0.163,0.01,0,0.024,0,172,0.014,0.063,1
46.3,46.52,0.055,0.189,0.065,0,0.015,0.065,0,0.259,0.055,0,0.021,0.072,0.126,0.006,0,0.072,0,396,0.05,0.037,1
0.0,0.0,0.085,0.192,0.067,0,0.013,0.04,0,0.246,0.071,0,0.018,0.067,0.188,0,0,0.013,0,172,0.013,0.06,1
0.0,0.0,0.061,0.162,0.089,0,0.024,0.059,0,0.183,0.038,0,0.05,0.115,0.159,0.003,0,0.057,0,548,0.027,0.018,1
0.0,0.0,0.081,0.184,0.041,0,0.019,0.074,0,0.26,0.091,0,0.013,0.066,0.131,0.003,0,0.037,0,571,0.028,0.023,1
44.05,35.98,0.081,0.168,0.059,0,0.021,0.065,0,0.212,0.052,0,0.028,0.085,0.168,0.008,0,0.052,0,2301,0.03,0.061,1
50.5,9.0,0.093,0.081,0.058,0,0.012,0.035,0,0.186,0.047,0,0.035,0.163,0.221,0,0,0.07,0,69,0.0,0.0,0.0
0.0,0.0,0.061,0.19,0.088,0,0.023,0.049,0,0.245,0.045,0,0.016,0.061,0.178,0.008,0,0.036,0,688,0.033,0.027,1
0.0,0.0,0.048,0.144,0.082,0,0.035,0.109,0,0.199,0.037,0,0.029,0.114,0.112,0.003,0,0.088,0,319,0.081,0.044,0.0
52.0,57.0,0.049,0.16,0.049,0,0.024,0.056,0,0.214,0.069,0,0.014,0.154,0.182,0.001,0,0.028,0,767,0.013,0.019,1
0.0,0.0,0.082,0.215,0.074,0,0.019,0.049,0,0.262,0.034,0,0.019,0.044,0.145,0.011,0,0.046,0,703,0.031,0.078,1
0.0,0.0,0.046,0.211,0.11,0,0.018,0.046,0,0.165,0.018,0,0.018,0.174,0.092,0.009,0,0.092,0,97,0.014,0.014,0.0
0.0,0.0,0.067,0.148,0.081,0,0.014,0.048,0,0.191,0.053,0,0.048,0.077,0.158,0.014,0,0.1,0,170,0.046,0.046,0.0
0.0,0.0,0.043,0.2,0.113,0,0.017,0.043,0,0.148,0.017,0,0.017,0.2,0.104,0.009,0,0.087,0,98,0.013,0.013,0.0
35.0,3.0,0.081,0.186,0.14,0,0.012,0.07,0,0.233,0.023,0,0.012,0.093,0.116,0.012,0,0.023,0,77,0.0,0.0,0.0
0.0,0.0,0.056,0.207,0.112,0,0.045,0.045,0,0.246,0.061,0,0,0.05,0.134,0.006,0,0.039,0,158,0.0,0.07,0.0
0.0,0.0,0.073,0.167,0.089,0,0.016,0.061,0,0.224,0.035,0,0.037,0.098,0.14,0.006,0,0.053,0,432,0.055,0.049,0.0
0.0,0.0,0.077,0.22,0.049,0,0.016,0.033,0,0.203,0.044,0,0.033,0.099,0.148,0.016,0,0.06,0,143,0.034,0.059,0.0
0.0,0.0,0.089,0.151,0.087,0,0.02,0.087,0,0.2,0.036,0,0.044,0.102,0.131,0.007,0,0.047,0,378,0.048,0.058,0.0
40.09,19.25,0.087,0.174,0.034,0,0.034,0.054,0,0.181,0.04,0,0.02,0.134,0.188,0.007,0,0.047,0,119,0.03,0.061,0.0
41.62,54.31,0.09,0.192,0.111,0,0.021,0.067,0,0.226,0.033,0,0.055,0.019,0.113,0.014,0,0.059,0,931,0.04,0.134,0.0
0.0,0.0,0.118,0.075,0.118,0,0.032,0.097,0,0.151,0.043,0,0.054,0.14,0.118,0.011,0,0.043,0,78,0.034,0.068,0.0
0.0,0.0,0.148,0.148,0.197,0,0,0.033,0,0.098,0.016,0,0.066,0.066,0.131,0.033,0,0.066,0,52,0.025,0.025,0.0
0.0,0.0,0.087,0.117,0.092,0,0.01,0.077,0,0.214,0.036,0,0.01,0.102,0.189,0.005,0,0.061,0,152,0.037,0.015,1
0.0,0.0,0.046,0.17,0.097,0,0.014,0.083,0,0.238,0.053,0,0.028,0.051,0.16,0.004,0,0.057,0,407,0.018,0.058,1
0.0,0.0,0.096,0.159,0.087,0,0.032,0.087,0,0.188,0.023,0,0.055,0.081,0.11,0.014,0,0.067,0,301,0.038,0.042,0.0
0.0,0.0,0.067,0.163,0.105,0,0.025,0.077,0,0.176,0.033,0,0.04,0.094,0.138,0.01,0,0.073,0,439,0.039,0.036,0.0
0.0,0.0,0.067,0.133,0.085,0,0.027,0.108,0,0.23,0.034,0,0.037,0.071,0.152,0.009,0,0.049,0,472,0.035,0.056,0.0
0.0,0.0,0.097,0.176,0.11,0,0.026,0.093,0,0.198,0.04,0,0.009,0.048,0.137,0.009,0,0.057,0,187,0.039,0.039,0.0
39.78,36.56,0.056,0.144,0.137,0,0.029,0.072,0,0.186,0.02,0,0.046,0.075,0.144,0.01,0,0.082,0,259,0.02,0.015,0.0
0.0,0.0,0.1,0.167,0.122,0,0.056,0.022,0,0.233,0.044,0,0,0.111,0.1,0.011,0,0.033,0,73,0.0,0.0,1
0.0,0.0,0.074,0.159,0.08,0,0.029,0.058,0,0.192,0.04,0,0.053,0.074,0.176,0.005,0,0.06,0,909,0.053,0.038,1
44.75,30.16,0.085,0.176,0.085,0,0.026,0.118,0,0.242,0.02,0,0.026,0.026,0.111,0,0,0.085,0,134,0.058,0.019,1
0.0,0.0,0.071,0.194,0.038,0,0.03,0.079,0,0.249,0.038,0,0.027,0.079,0.131,0.011,0,0.052,0,307,0.046,0.05,1
57.27,59.75,0.098,0.173,0.094,0,0.017,0.079,0,0.222,0.042,0,0.025,0.044,0.146,0.01,0,0.052,0,400,0.026,0.09,1
52.5,58.5,0.079,0.201,0.087,0,0.018,0.053,0,0.239,0.037,0,0.012,0.122,0.114,0.002,0,0.036,0,430,0.012,0.072,1
64.0,48.0,0.082,0.163,0.059,0,0.017,0.052,0,0.196,0.042,0,0.027,0.153,0.173,0,0,0.035,0,326,0.025,0.022,1
46.88,57.06,0.083,0.171,0.115,0,0.018,0.082,0,0.193,0.021,0,0.039,0.083,0.142,0.01,0,0.044,0,690,0.017,0.038,1
0.0,0.0,0.092,0.147,0.103,0,0.028,0.086,0,0.195,0.027,0,0.046,0.058,0.124,0.018,0,0.076,0,645,0.074,0.036,1
62.0,59.5,0.077,0.161,0.067,0,0.013,0.074,0,0.221,0.037,0,0.037,0.107,0.161,0,0,0.047,0,247,0.067,0.038,1
61.8,60.8,0.062,0.134,0.11,0,0.032,0.082,0,0.159,0.042,0,0.075,0.06,0.149,0.007,0,0.089,0,507,0.066,0.044,1
75.33,70.67,0.085,0.179,0.045,0,0.02,0.077,0,0.195,0.045,0,0.004,0.159,0.159,0.004,0,0.028,0,201,0.042,0.042,1
71.0,72.0,0.068,0.171,0.08,0,0.048,0.071,0,0.212,0.048,0,0.041,0.055,0.139,0.002,0,0.066,0,370,0.039,0.043,1
71.0,72.0,0.068,0.171,0.08,0,0.048,0.071,0,0.212,0.048,0,0.041,0.055,0.139,0.002,0,0.066,0,370,0.039,0.043,1
33.0,20.0,0.094,0.143,0.089,0,0.022,0.062,0,0.166,0.084,0,0.018,0.097,0.172,0.008,0,0.046,0,627,0.02,0.051,1
64.0,65.0,0.1,0.2,0.106,0,0.027,0.051,0,0.243,0.043,0,0.016,0.053,0.112,0.008,0,0.041,0,447,0.039,0.093,1
71.0,73.5,0.09,0.175,0.065,0,0.023,0.088,0,0.212,0.083,0,0.023,0.071,0.124,0.005,0,0.041,0,362,0.014,0.031,1
0.0,0.0,0.076,0.142,0.069,0,0.012,0.058,0,0.149,0.091,0,0.02,0.124,0.22,0.01,0,0.029,0,443,0.043,0.031,0.0
0.0,0.0,0.073,0.147,0.087,0,0.01,0.067,0,0.157,0.053,0,0.013,0.153,0.197,0.003,0,0.04,0,220,0.029,0.01,1
100.0,99.0,0.079,0.172,0.082,0,0.021,0.103,0,0.237,0.045,0,0.017,0.058,0.113,0.017,0,0.055,0,248,0.063,0.053,1
0.0,0.0,0.058,0.179,0.058,0,0.022,0.062,0,0.205,0.08,0,0.013,0.116,0.152,0.004,0,0.049,0,175,0.049,0.014,1
0.0,0.0,0.105,0.157,0.058,0,0.041,0.07,0,0.227,0.058,0,0.023,0.035,0.157,0,0,0.07,0,145,0.008,0.017,1
41.5,28.5,0.079,0.125,0.065,0,0.022,0.111,0,0.176,0.018,0,0.047,0.086,0.211,0.007,0,0.054,0,221,0.032,0.081,1
66.0,62.0,0.094,0.208,0.062,0,0.01,0.073,0,0.24,0.094,0,0.01,0.073,0.083,0.01,0,0.042,0,86,0.063,0.063,1
48.0,52.34,0.121,0.144,0.09,0,0.051,0.085,0,0.197,0.059,0,0.011,0.076,0.144,0.003,0,0.02,0,298,0.03,0.017,1
47.0,26.5,0.019,0.076,0.196,0,0.032,0.108,0,0.165,0.025,0,0.063,0.063,0.158,0.019,0,0.076,0,132,0.01,0.019,0.0
45.17,53.34,0.101,0.167,0.071,0,0.01,0.069,0,0.192,0.042,0,0.017,0.125,0.145,0.01,0,0.052,0,330,0.034,0.03,1
41.33,14.67,0.034,0.224,0.017,0,0.052,0.017,0,0.276,0.103,0,0.017,0.069,0.138,0,0,0.052,0,50,0.0,0.054,1
46.45,29.55,0.084,0.224,0.056,0,0.021,0.105,0,0.266,0.014,0,0.021,0.07,0.091,0,0,0.049,0,126,0.012,0.116,1
35.31,34.0,0.075,0.196,0.07,0,0.033,0.103,0,0.215,0.047,0,0.033,0.061,0.107,0,0,0.061,0,182,0.043,0.029,0.0
0.0,0.0,0.162,0.027,0.081,0,0,0.081,0,0.162,0.054,0,0,0.108,0.243,0,0,0.081,0,31,0.0,0.0,0.0
42.17,7.17,0.09,0.144,0.09,0,0.018,0.072,0,0.153,0.018,0,0.036,0.144,0.117,0.027,0,0.09,0,96,0.082,0.096,0.0
49.33,36.6,0.093,0.187,0.065,0,0.009,0.131,0,0.224,0.019,0,0.019,0.075,0.14,0.009,0,0.028,0,67,0.03,0.075,0.0
41.12,39.12,0.08,0.17,0.068,0,0.023,0.114,0,0.227,0.034,0,0.011,0.091,0.08,0,0,0.102,0,57,0.053,0.0,0.0
40.0,34.5,0.103,0.103,0.115,0,0.034,0.184,0,0.149,0.011,0,0.034,0.057,0.103,0,0,0.103,0,56,0.018,0.071,0.0
0,0,0.023,0.17,0.125,0,0.023,0.114,0,0.148,0.034,0,0.045,0.068,0.17,0,0,0.08,0,58,0.052,0.034,0.0
0,0,0.051,0.127,0.11,0,0.017,0.093,0,0.169,0.068,0,0.042,0.102,0.136,0.017,0,0.068,0,80,0.1,0.0,0.0
36.08,38.23,0.133,0.133,0.133,0,0,0.078,0,0.2,0.011,0,0.067,0.089,0.089,0.011,0,0.056,0,57,0.07,0.088,0.0
48.88,39.94,0.06,0.133,0.048,0,0.024,0.096,0,0.157,0.024,0,0.096,0.096,0.145,0.012,0,0.108,0,53,0.019,0.0,0.0
40.85,38.85,0.066,0.145,0.118,0,0.013,0.118,0,0.237,0.026,0,0,0.053,0.132,0.026,0,0.066,0,48,0.042,0.021,0.0
44.4,44.53,0.022,0.163,0.087,0,0.011,0.087,0,0.207,0.043,0,0.011,0.12,0.152,0.033,0,0.065,0,64,0.031,0.031,0.0
41.0,31.75,0.092,0.133,0.173,0,0.01,0.061,0,0.245,0.02,0,0.061,0.02,0.112,0,0,0.071,0,61,0.033,0.049,0.0
0,0,0.065,0.131,0.121,0,0.009,0.131,0,0.243,0.037,0,0.037,0.028,0.103,0.019,0,0.075,0,65,0.015,0.092,0.0
0,0,0.056,0.153,0.088,0,0.019,0.079,0,0.157,0.079,0,0.037,0.116,0.144,0.009,0,0.065,0,142,0.049,0.028,0.0
41.0,24.0,0.07,0.22,0.1,0,0.01,0.07,0,0.21,0.02,0,0.03,0.07,0.1,0.01,0,0.09,0,59,0.068,0.017,0.0
46.31,45.56,0.091,0.192,0.101,0,0.03,0.04,0,0.212,0.01,0,0.051,0.081,0.091,0,0,0.101,0,64,0.062,0.047,0.0
42.13,38.33,0.094,0.128,0.12,0,0.017,0.103,0,0.179,0.026,0,0.034,0.043,0.137,0.026,0,0.094,0,79,0.013,0.051,0.0
42.31,44.54,0.088,0.146,0.13,0,0.015,0.069,0,0.107,0.1,0,0.019,0.138,0.107,0,0,0.08,0,171,0.064,0.018,0.0
50.29,43.12,0.09,0.122,0.106,0,0,0.112,0,0.144,0.016,0,0.085,0.09,0.138,0.011,0,0.085,0,110,0.145,0.018,0.0
48.24,43.12,0.103,0.142,0.098,0,0.01,0.098,0,0.181,0.015,0,0.054,0.088,0.123,0.005,0,0.083,0,130,0.077,0.008,0.0
53.0,46.0,0.019,0.116,0.098,0,0.023,0.065,0,0.149,0.047,0,0.07,0.195,0.14,0.009,0,0.07,0,151,0.007,0.033,0.0
42.32,47.21,0.114,0.135,0.09,0,0.012,0.069,0,0.208,0.037,0,0.041,0.078,0.147,0.008,0,0.061,0,166,0.036,0.042,0.0
44.14,37.79,0.053,0.132,0.07,0,0.013,0.07,0,0.206,0.061,0,0.039,0.105,0.175,0.004,0,0.07,0,161,0.037,0.043,0.0
43.93,38.13,0.066,0.165,0.116,0,0.008,0.107,0,0.215,0.033,0,0.033,0.066,0.157,0.008,0,0.025,0,80,0.1,0.037,0.0
44.47,41.74,0.083,0.167,0.089,0,0.021,0.078,0,0.161,0.016,0,0.057,0.089,0.125,0.01,0,0.104,0,128,0.039,0.023,0.0
0,0,0.113,0.176,0.088,0,0.013,0.063,0,0.182,0.057,0,0.038,0.094,0.113,0.025,0,0.038,0,103,0.049,0.126,0.0
0,0,0.063,0.15,0.106,0,0.024,0.077,0,0.242,0.048,0,0.058,0.048,0.121,0.005,0,0.058,0,129,0.016,0.07,0.0
40.5,51.5,0.069,0.145,0.11,0,0.017,0.104,0,0.249,0.046,0,0.029,0.052,0.133,0.006,0,0.04,0,112,0.036,0.036,0.0
38.25,38.81,0.101,0.146,0.131,0,0.02,0.096,0,0.157,0.03,0,0.051,0.056,0.126,0.01,0,0.076,0,130,0.008,0.054,0.0
0,0,0.037,0.184,0.115,0,0.023,0.069,0,0.157,0.028,0,0.037,0.106,0.143,0.014,0,0.088,0,138,0.022,0.036,0.0
0,0,0.066,0.165,0.041,0,0.033,0.074,0,0.174,0.066,0,0.074,0.083,0.165,0,0,0.058,0,78,0.026,0.026,0.0
0,0,0.036,0.205,0.08,0,0.018,0.08,0,0.17,0.062,0,0.027,0.098,0.143,0.009,0,0.071,0,73,0.027,0.027,0.0
57.0,53.0,0.086,0.13,0.117,0,0.019,0.086,0,0.204,0.025,0,0.049,0.105,0.117,0.006,0,0.056,0,107,0.019,0.028,0.0
33.9,45.5,0.088,0.141,0.118,0,0.047,0.012,0,0.176,0.076,0,0.053,0.059,0.147,0.006,0,0.076,0,116,0.026,0.069,0.0
41.22,9.89,0,0.167,0,0,0.167,0,0,0.333,0.083,0,0,0.167,0.083,0,0,0,0,8,0.25,0.0,0.0
0,0,0.09,0.164,0.124,0,0.017,0.062,0,0.215,0.011,0,0.034,0.051,0.147,0.011,0,0.073,0,117,0.051,0.026,0.0
0,0,0.105,0.174,0.047,0,0.012,0.07,0,0.209,0.058,0,0.047,0.07,0.14,0.012,0,0.058,0,56,0.036,0.036,0.0
34.17,35.33,0.07,0.155,0.077,0,0.014,0.106,0,0.169,0.056,0,0.014,0.099,0.204,0.014,0,0.021,0,99,0.01,0.04,0.0
0,0,0.066,0.115,0.14,0,0.016,0.07,0,0.181,0.033,0,0.082,0.053,0.16,0.008,0,0.074,0,167,0.036,0.06,0.0
42.06,43.24,0.085,0.151,0.107,0,0.004,0.074,0,0.18,0.026,0,0.07,0.037,0.162,0.007,0,0.099,0,180,0.067,0.039,0.0
33.0,68.0,0.077,0.099,0.121,0,0.033,0.066,0,0.198,0.033,0,0.044,0.121,0.165,0,0,0.044,0,68,0.044,0.015,0.0
32.0,60.0,0.055,0.185,0.062,0,0.007,0.068,0,0.205,0.048,0,0.062,0.048,0.178,0.014,0,0.068,0,91,0.011,0.022,0.0
46.06,49.38,0.11,0.16,0.097,0,0.013,0.072,0,0.232,0.046,0,0.03,0.068,0.101,0.021,0,0.051,0,162,0.025,0.062,0.0
42.28,40.67,0.046,0.162,0.092,0,0.017,0.121,0,0.208,0.006,0,0.075,0.087,0.11,0.012,0,0.064,0,105,0.048,0.029,0.0
43.0,34.0,0.086,0.125,0.072,0,0.02,0.086,0,0.151,0.046,0,0.026,0.145,0.197,0,0,0.046,0,109,0.028,0.009,0.0
0,0,0.062,0.154,0.089,0,0.012,0.086,0,0.182,0.031,0,0.037,0.086,0.2,0.003,0,0.058,0,221,0.041,0.041,0.0
31.0,80.0,0.065,0.142,0.136,0,0.03,0.077,0,0.16,0.065,0,0.041,0.077,0.166,0.012,0,0.03,0,119,0.017,0.017,0.0
0,0,0.072,0.122,0.114,0,0.02,0.079,0,0.155,0.059,0,0.059,0.035,0.209,0.021,0,0.055,0,461,0.056,0.046,0.0
42.41,42.18,0.038,0.126,0.101,0,0.038,0.107,0,0.201,0.063,0,0.044,0.044,0.145,0.019,0,0.075,0,107,0.028,0.028,0.0
39.19,51.19,0.044,0.133,0.11,0,0.033,0.077,0,0.17,0.039,0,0.065,0.046,0.165,0.02,0,0.099,0,703,0.047,0.028,0.0
0,0,0.089,0.098,0.106,0,0,0.114,0,0.195,0.041,0,0.057,0.057,0.154,0,0,0.089,0,78,0.013,0.026,0.0
44.87,43.27,0.054,0.135,0.108,0,0.007,0.095,0,0.169,0.054,0,0.054,0.081,0.182,0,0,0.061,0,101,0.02,0.069,0.0
42.46,36.31,0.07,0.14,0.128,0,0.023,0.105,0,0.174,0.047,0,0.012,0.093,0.151,0,0,0.058,0,58,0.017,0.017,0.0
37.0,38.0,0.06,0.138,0.086,0,0.009,0.069,0,0.147,0.06,0,0.043,0.112,0.181,0.017,0,0.078,0,84,0.06,0.024,0.0
0,0,0.12,0.157,0.048,0,0.012,0.084,0,0.229,0.024,0,0.048,0.06,0.133,0.012,0,0.072,0,53,0.0,0.019,0.0
39.17,46.83,0.074,0.177,0.094,0,0.01,0.079,0,0.217,0.039,0,0.044,0.059,0.123,0.01,0,0.074,0,133,0.045,0.03,0.0
32.0,64.0,0.083,0.215,0.083,0,0.025,0.083,0,0.256,0.025,0,0.008,0.041,0.124,0.017,0,0.041,0,76,0.013,0.053,0.0
38.33,36.83,0.076,0.174,0.128,0,0.012,0.07,0,0.215,0.012,0,0.017,0.087,0.134,0.023,0,0.052,0,120,0.017,0.025,0.0
48.5,45.08,0.046,0.262,0.038,0,0.015,0.062,0,0.292,0.031,0,0.015,0.062,0.138,0.008,0,0.031,0,86,0.0,0.07,0.0
0,0,0.1,0.19,0.067,0,0.029,0.057,0,0.239,0.024,0,0.029,0.082,0.125,0.004,0,0.053,0,338,0.047,0.044,0.0
39.0,57.33,0.067,0.174,0.084,0,0.006,0.067,0,0.146,0.079,0,0.056,0.124,0.14,0.006,0,0.051,0,118,0.059,0.017,0.0
38.0,45.0,0.085,0.197,0.09,0,0.016,0.069,0,0.218,0.005,0,0.027,0.096,0.106,0.027,0,0.064,0,120,0.05,0.042,0.0
43.82,43.09,0.121,0.176,0.055,0,0.005,0.044,0,0.231,0.099,0,0.027,0.077,0.126,0,0,0.038,0,131,0.023,0.015,0.0
0,0,0.103,0.168,0.065,0,0,0.084,0,0.131,0.028,0,0.009,0.15,0.215,0.009,0,0.037,0,74,0.014,0.027,0.0
0,0,0.031,0.221,0.123,0,0.021,0.041,0,0.195,0.051,0,0.051,0.077,0.123,0.005,0,0.062,0,126,0.032,0.024,0.0
42.44,36.62,0.058,0.148,0.135,0,0.026,0.071,0,0.239,0.071,0,0.013,0.065,0.116,0.006,0,0.052,0,100,0.03,0.02,0.0
0,0,0.087,0.166,0.061,0,0.07,0.061,0,0.227,0.039,0,0.031,0.074,0.135,0,0,0.048,0,155,0.019,0.052,0.0
40.0,43.57,0.076,0.179,0.089,0,0.009,0.071,0,0.219,0.031,0,0.049,0.094,0.103,0.022,0,0.058,0,138,0.051,0.043,0.0
0,0,0.115,0.115,0.069,0,0.017,0.046,0,0.178,0.017,0,0.034,0.184,0.167,0.006,0,0.052,0,123,0.057,0.024,0.0
0,0,0.12,0.149,0.091,0,0.011,0.057,0,0.223,0.057,0,0.023,0.097,0.137,0.011,0,0.023,0,121,0.033,0.033,0.0
0,0,0.062,0.199,0.081,0,0.012,0.093,0,0.224,0.031,0,0.019,0.075,0.149,0,0,0.056,0,104,0.01,0.087,0.0
38.7,37.4,0.084,0.195,0.075,0,0.013,0.084,0,0.212,0.031,0,0.018,0.084,0.15,0.004,0,0.049,0,149,0.02,0.027,0.0
40.35,38.12,0.084,0.195,0.075,0,0.013,0.084,0,0.212,0.031,0,0.018,0.084,0.15,0.004,0,0.049,0,149,0.02,0.027,0.0
48.64,44.0,0.046,0.262,0.038,0,0.015,0.062,0,0.292,0.031,0,0.015,0.062,0.138,0.008,0,0.031,0,86,0.0,0.07,0.0
44.0,47.0,0.087,0.174,0.07,0,0.022,0.057,0,0.191,0.043,0,0.043,0.109,0.143,0.004,0,0.057,0,159,0.05,0.019,0.0
39.8,39.8,0.085,0.197,0.09,0,0.016,0.069,0,0.218,0.005,0,0.027,0.096,0.106,0.027,0,0.064,0,120,0.05,0.042,0.0
46.0,48.0,0.077,0.158,0.1,0,0.01,0.077,0,0.235,0.048,0,0.029,0.052,0.145,0.023,0,0.045,0,205,0.029,0.039,0.0
31.78,60.44,0.047,0.165,0.118,0,0.024,0.094,0,0.259,0,0,0.024,0.059,0.129,0.012,0,0.071,0,55,0.018,0.073,0.0
0,0,0.078,0.159,0.069,0,0.026,0.086,0,0.233,0.052,0,0.043,0.078,0.112,0,0,0.065,0,155,0.052,0.045,0.0
41.5,35.62,0.082,0.168,0.068,0,0.009,0.036,0,0.155,0.014,0,0.064,0.168,0.15,0.005,0,0.082,0,156,0.071,0.032,0.0
0,0,0.086,0.2,0.071,0,0.014,0.043,0,0.2,0.064,0,0.021,0.107,0.129,0.014,0,0.05,0,94,0.053,0.032,0.0
39.22,44.94,0.081,0.166,0.065,0,0.037,0.087,0,0.202,0.048,0,0.042,0.07,0.143,0.006,0,0.053,0,231,0.039,0.039,0.0
0,0,0.088,0.148,0.088,0,0.016,0.072,0,0.186,0.053,0,0.044,0.116,0.128,0.005,0,0.056,0,291,0.041,0.021,0.0
40.61,30.94,0.046,0.25,0.102,0,0.009,0.093,0,0.287,0.009,0,0.009,0.037,0.111,0,0,0.046,0,66,0.136,0.152,0.0
0,0,0.12,0.141,0.098,0,0.022,0.065,0,0.174,0.06,0,0.043,0.087,0.12,0.016,0,0.054,0,123,0.008,0.065,0.0
0,0,0.068,0.137,0.034,0,0.021,0.062,0,0.205,0.027,0,0.027,0.171,0.192,0,0,0.055,0,110,0.009,0.018,0.0
0,0,0.039,0.238,0.083,0,0.011,0.033,0,0.21,0.083,0,0.028,0.122,0.116,0,0,0.039,0,126,0.016,0.032,0.0
0,0,0.067,0.2,0.052,0,0.022,0.03,0,0.207,0.104,0,0.015,0.096,0.148,0,0,0.059,0,96,0.021,0.073,0.0
43.93,38.0,0.104,0.159,0.099,0,0.022,0.088,0,0.236,0.022,0,0.022,0.088,0.082,0.005,0,0.071,0,119,0.059,0.034,0.0
37.6,42.1,0.095,0.164,0.099,0,0.03,0.086,0,0.159,0.047,0,0.052,0.082,0.129,0,0,0.056,0,145,0.083,0.034,0.0
38.91,39.91,0.06,0.158,0.037,0,0.019,0.051,0,0.121,0.028,0,0.014,0.293,0.172,0,0,0.047,0,155,0.019,0.019,0.0
39.87,39.6,0.079,0.178,0.103,0,0.012,0.043,0,0.206,0.043,0,0.032,0.067,0.17,0.008,0,0.059,0,174,0.017,0.069,0.0
34.56,48.44,0.112,0.185,0.086,0,0.017,0.056,0,0.241,0.026,0,0.009,0.116,0.121,0.004,0,0.026,0,154,0.013,0.039,0.0
46.94,45.31,0.099,0.185,0.09,0,0.022,0.056,0,0.238,0.034,0,0.037,0.046,0.13,0.006,0,0.059,0,224,0.031,0.031,0.0
39.25,44.0,0.068,0.171,0.088,0,0.01,0.059,0,0.21,0.059,0,0.049,0.117,0.117,0,0,0.054,0,138,0.065,0.029,0.0
46.0,37.0,0.11,0.16,0.105,0,0.03,0.08,0,0.18,0.05,0,0.03,0.1,0.11,0.005,0,0.04,0,131,0.038,0.061,0.0
0,0,0.031,0.102,0.087,0,0.024,0.094,0,0.189,0.024,0,0.055,0.094,0.181,0.016,0,0.102,0,88,0.08,0.023,0.0
0,0,0.043,0.186,0.065,0,0.026,0.043,0,0.225,0.091,0,0.026,0.108,0.121,0,0,0.065,0,162,0.025,0.037,0.0
38.5,41.94,0.088,0.138,0.075,0,0.029,0.067,0,0.205,0.042,0,0.029,0.117,0.142,0.004,0,0.063,0,167,0.03,0.048,0.0
0,0,0.095,0.225,0.036,0,0.03,0.053,0,0.225,0.036,0,0.03,0.124,0.124,0,0,0.024,0,109,0.101,0.009,0.0
36.4,49.0,0.07,0.174,0.061,0,0.026,0.07,0,0.183,0.026,0,0.026,0.165,0.113,0,0,0.087,0,82,0.073,0.073,0.0
39.8,42.53,0.069,0.146,0.118,0,0.016,0.061,0,0.154,0.024,0,0.102,0.073,0.13,0.004,0,0.102,0,152,0.039,0.053,0.0
0,0,0.105,0.18,0.035,0,0.02,0.04,0,0.225,0.05,0,0.015,0.12,0.155,0,0,0.055,0,143,0.084,0.021,0.0
43.0,65.0,0.1,0.15,0.08,0,0.017,0.067,0,0.187,0.047,0,0.027,0.107,0.147,0.007,0,0.067,0,197,0.061,0.066,0.0
0,0,0.101,0.206,0.051,0,0.016,0.054,0,0.206,0.066,0,0.039,0.082,0.132,0,0,0.047,0,167,0.048,0.054,0.0
0,0,0.103,0.131,0.103,0,0.014,0.062,0,0.172,0.048,0,0.028,0.083,0.186,0,0,0.069,0,110,0.055,0.045,0.0
38.5,41.25,0.058,0.186,0.053,0,0.009,0.093,0,0.235,0.062,0,0.031,0.075,0.115,0.004,0,0.08,0,148,0.054,0.054,0.0
33.24,57.53,0.094,0.18,0.12,0,0.022,0.034,0,0.202,0.037,0,0.037,0.079,0.139,0.004,0,0.052,0,185,0.049,0.059,0.0
0,0,0.113,0.14,0.077,0,0.03,0.059,0,0.224,0.043,0,0.033,0.066,0.163,0.005,0,0.048,0,410,0.032,0.039,0.0
36.0,45.0,0.078,0.154,0.092,0,0.023,0.09,0,0.217,0.023,0,0.034,0.067,0.162,0.011,0,0.049,0,387,0.047,0.031,1
36.67,40.0,0.068,0.15,0.075,0,0.033,0.09,0,0.201,0.029,0,0.033,0.092,0.169,0.008,0,0.052,0,714,0.06,0.046,1
80.06,67.56,0.08,0.175,0.071,0,0.021,0.062,0,0.214,0.039,0,0.019,0.127,0.167,0.002,0,0.023,0,542,0.02,0.03,1
36.0,48.5,0.071,0.142,0.1,0,0.033,0.071,0,0.233,0.033,0,0.029,0.067,0.167,0.004,0,0.05,0,158,0.076,0.038,1
45.33,43.22,0.084,0.197,0.076,0,0.044,0.076,0,0.229,0.028,0,0.02,0.068,0.145,0,0,0.032,0,157,0.038,0.038,1
53.28,51.28,0.07,0.137,0.066,0,0.034,0.072,0,0.146,0.049,0,0.008,0.179,0.172,0.002,0,0.065,0,661,0.048,0.044,1
0,0,0.068,0.167,0.093,0,0.037,0.079,0,0.189,0.04,0,0.042,0.071,0.147,0.008,0,0.059,0,219,0.055,0.041,1
39.33,46.67,0.045,0.075,0.028,0,0.02,0.023,0,0.131,0.166,0,0.009,0.149,0.326,0.008,0,0.02,0,548,0.007,0.011,1
45.93,48.67,0.086,0.137,0.053,0,0.033,0.066,0,0.198,0.052,0,0.009,0.137,0.187,0,0,0.043,0,725,0.022,0.058,1
47.89,45.95,0.117,0.132,0.086,0,0.035,0.082,0,0.183,0.039,0,0.023,0.086,0.132,0.008,0,0.078,0,166,0.072,0.072,1
49.31,44.44,0.112,0.186,0.087,0,0.031,0.068,0,0.236,0.037,0,0.031,0.075,0.106,0,0,0.031,0,97,0.01,0.052,1
64.11,64.63,0.106,0.158,0.071,0,0.035,0.078,0,0.219,0.025,0,0.03,0.065,0.159,0.007,0,0.048,0,388,0.034,0.041,1
58.05,59.79,0.098,0.158,0.046,0,0.033,0.091,0,0.212,0.045,0,0.036,0.07,0.159,0.002,0,0.051,0,432,0.03,0.032,1
67.67,98.17,0.11,0.136,0.102,0,0.017,0.059,0,0.191,0.021,0,0.051,0.064,0.195,0.017,0,0.038,0,162,0.019,0.037,1
37.5,45.0,0.04,0.156,0.053,0,0.027,0.096,0,0.206,0.086,0,0.04,0.063,0.176,0,0,0.056,0,204,0.039,0.02,1
50.94,62.5,0.091,0.177,0.056,0,0.021,0.054,0,0.206,0.028,0,0.014,0.158,0.159,0.003,0,0.033,0,615,0.033,0.021,1
53.67,64.06,0.062,0.146,0.054,0,0.035,0.054,0,0.212,0.123,0,0.012,0.069,0.169,0.008,0,0.058,0,185,0.07,0.016,1
56.73,55.73,0.073,0.202,0.088,0,0.011,0.065,0,0.256,0.046,0,0.018,0.066,0.14,0.003,0,0.031,0,459,0.024,0.039,1
43.0,62.0,0.063,0.159,0.058,0,0.031,0.059,0,0.182,0.058,0,0.01,0.158,0.171,0.004,0,0.046,0,687,0.042,0.032,1
43.44,51.33,0.05,0.158,0.098,0,0.009,0.079,0,0.169,0.027,0,0.063,0.081,0.181,0.009,0,0.075,0,498,0.046,0.014,1
53.95,53.11,0.075,0.13,0.063,0,0.042,0.078,0,0.172,0.047,0,0.013,0.15,0.186,0.002,0,0.042,0,647,0.036,0.045,1
44.18,46.76,0.055,0.106,0.077,0,0.025,0.081,0,0.169,0.072,0,0.042,0.092,0.227,0.002,0,0.052,0,451,0.02,0.035,1
53.33,52.75,0.087,0.133,0.092,0,0.012,0.077,0,0.213,0.031,0,0.015,0.109,0.182,0.012,0,0.036,0,283,0.042,0.014,1
53.38,65.0,0.087,0.177,0.073,0,0.019,0.082,0,0.224,0.022,0,0.025,0.08,0.156,0.007,0,0.048,0,1261,0.057,0.025,1
36.81,42.88,0.066,0.189,0.08,0,0.028,0.064,0,0.239,0.062,0,0.012,0.047,0.15,0.001,0,0.062,0,498,0.044,0.03,1
46.0,56.0,0.066,0.173,0.084,0,0.023,0.088,0,0.214,0.015,0,0.065,0.06,0.137,0.011,0,0.063,0,449,0.038,0.062,1
50.86,49.29,0.077,0.176,0.08,0,0.039,0.055,0,0.218,0.042,0,0.03,0.062,0.159,0.002,0,0.059,0,450,0.056,0.071,1
54.38,58.88,0.1,0.14,0.094,0,0.035,0.083,0,0.219,0.024,0,0.027,0.049,0.161,0.003,0,0.065,0,441,0.05,0.063,1
30.89,36.22,0.075,0.149,0.125,0,0.051,0.08,0,0.179,0.033,0,0.05,0.056,0.133,0.012,0,0.057,0,528,0.045,0.093,1
0,0,0.057,0.151,0.119,0,0.021,0.083,0,0.185,0.049,0,0.053,0.035,0.177,0.014,0,0.055,0,499,0.044,0.076,1
35.93,44.0,0.082,0.165,0.084,0,0.027,0.091,0,0.202,0.019,0,0.078,0.056,0.126,0.008,0,0.064,0,298,0.054,0.064,1
0,0,0.06,0.152,0.084,0,0.028,0.101,0,0.206,0.026,0,0.058,0.034,0.148,0.026,0,0.075,0,341,0.07,0.023,1
58.89,54.44,0.061,0.14,0.098,0,0.035,0.091,0,0.173,0.031,0,0.049,0.042,0.193,0.008,0,0.078,0,657,0.047,0.035,1
43.78,46.67,0.067,0.156,0.1,0,0.033,0.065,0,0.209,0.033,0,0.059,0.043,0.15,0.004,0,0.081,0,349,0.063,0.034,1
0,0,0.04,0.173,0.04,0,0.053,0.053,0,0.173,0.027,0,0,0.213,0.2,0,0,0.027,0,53,0.0,0.0,1
38.89,41.89,0.067,0.156,0.05,0,0.011,0.039,0,0.194,0.05,0,0.011,0.172,0.2,0,0,0.05,0,128,0.016,0.0,1
53.53,60.07,0.06,0.163,0.142,0,0.028,0.057,0,0.17,0.039,0,0.05,0.057,0.167,0.004,0,0.064,0,185,0.049,0.022,1
38.24,51.0,0.05,0.168,0.071,0,0.032,0.089,0,0.247,0.055,0,0.037,0.058,0.132,0.005,0,0.055,0,251,0.096,0.024,1
46.8,52.0,0.047,0.142,0.099,0,0.016,0.047,0,0.202,0.028,0,0.008,0.126,0.225,0.016,0,0.043,0,181,0.011,0.028,1
40.95,44.26,0.079,0.181,0.088,0,0.011,0.082,0,0.19,0.051,0,0.054,0.071,0.133,0.003,0,0.057,0,226,0.093,0.031,1
43.71,40.14,0.04,0.141,0.107,0,0.034,0.073,0,0.158,0.011,0,0.096,0.085,0.186,0.011,0,0.056,0,115,0.035,0.009,1
0,0,0.045,0.156,0.141,0,0.03,0.101,0,0.141,0.02,0,0.09,0.07,0.121,0.01,0,0.075,0,118,0.034,0.017,1
54.88,60.44,0.077,0.124,0.054,0,0.032,0.063,0,0.169,0.047,0,0.013,0.17,0.203,0.007,0,0.041,0,519,0.029,0.056,1
41.74,41.21,0.092,0.13,0.089,0,0.022,0.089,0,0.195,0.03,0,0.032,0.116,0.149,0.005,0,0.051,0,243,0.07,0.021,1
43.0,32.5,0.109,0.142,0.085,0,0.016,0.079,0,0.202,0.019,0,0.019,0.074,0.191,0.008,0,0.055,0,250,0.064,0.052,1
43.8,51.6,0.07,0.222,0.054,0,0.028,0.066,0,0.212,0.041,0,0.013,0.098,0.139,0,0,0.057,0,200,0.055,0.065,1
51.39,59.33,0.07,0.135,0.05,0,0.03,0.058,0,0.168,0.069,0,0.014,0.161,0.2,0.001,0,0.045,0,828,0.03,0.042,1
45.94,49.69,0.077,0.161,0.064,0,0.019,0.097,0,0.195,0.041,0,0.017,0.109,0.144,0.011,0,0.064,0,296,0.037,0.041,1
0,0,0.063,0.134,0.081,0,0.027,0.092,0,0.18,0.038,0,0.021,0.14,0.148,0.012,0,0.063,0,353,0.028,0.014,1
54.12,48.25,0.088,0.182,0.05,0,0.019,0.088,0,0.201,0.031,0,0.025,0.145,0.107,0.006,0,0.057,0,103,0.058,0.0,1
67.5,75.0,0.083,0.138,0.085,0,0.018,0.058,0,0.206,0.073,0,0.03,0.085,0.175,0,0,0.05,0,280,0.039,0.029,1
74.33,64.0,0.039,0.117,0.12,0,0.025,0.103,0,0.164,0.033,0,0.045,0.095,0.159,0.003,0,0.097,0,234,0.056,0.068,1
47.32,46.63,0.083,0.177,0.144,0,0.028,0.088,0,0.188,0.05,0,0.017,0.055,0.127,0.006,0,0.039,0,113,0.035,0.097,1
48.5,44.0,0.092,0.191,0.09,0,0.026,0.071,0,0.215,0.044,0,0.034,0.06,0.107,0.008,0,0.064,0,751,0.039,0.037,1
52.21,47.32,0.06,0.232,0.071,0,0.012,0.06,0,0.208,0.054,0,0.006,0.125,0.137,0.006,0,0.03,0,111,0.036,0.009,1
38.4,63.2,0.087,0.143,0.085,0,0.021,0.097,0,0.174,0.012,0,0.054,0.083,0.155,0.006,0,0.083,0,313,0.07,0.048,1
0,0,0.077,0.164,0.06,0,0.01,0.082,0,0.194,0.04,0,0.027,0.118,0.178,0.006,0,0.045,0,544,0.024,0.035,1
51.75,54.38,0.056,0.161,0.073,0,0.024,0.048,0,0.173,0.008,0,0.028,0.161,0.214,0,0,0.052,0,178,0.028,0.006,1
44.0,50.8,0.048,0.148,0.115,0,0.025,0.069,0,0.189,0.037,0,0.055,0.072,0.166,0.009,0,0.065,0,281,0.057,0.004,1
42.42,41.42,0.089,0.199,0.083,0,0.029,0.073,0,0.243,0.025,0,0.023,0.049,0.13,0.004,0,0.052,0,867,0.036,0.052,1
42.16,38.16,0.14,0.14,0.07,0,0,0.07,0,0.163,0.093,0,0,0.14,0.14,0,0,0.047,0,30,0.0,0.0,1
44.07,50.33,0.078,0.183,0.062,0,0.017,0.08,0,0.253,0.057,0,0.017,0.065,0.147,0.004,0,0.035,0,473,0.03,0.025,1
38.71,49.12,0.086,0.167,0.09,0,0.022,0.065,0,0.194,0.039,0,0.02,0.092,0.178,0.006,0,0.041,0,328,0.037,0.046,1
37.33,18.33,0,0.182,0.045,0,0,0.023,0,0.227,0.136,0,0.023,0.114,0.205,0,0,0.045,0,32,0.0,0.0,1
54.58,53.63,0.077,0.15,0.104,0,0.012,0.08,0,0.175,0.043,0,0.061,0.064,0.163,0.003,0,0.067,0,219,0.018,0.096,1
36.5,48.5,0.037,0.105,0.098,0,0.03,0.101,0,0.135,0.017,0,0.101,0.074,0.203,0.007,0,0.091,0,196,0.015,0.031,1
55.06,52.56,0.05,0.128,0.087,0,0.023,0.037,0,0.134,0.02,0,0.06,0.121,0.279,0.01,0,0.05,0,221,0.023,0.009,1
68.19,58.62,0.067,0.123,0.11,0,0.022,0.083,0,0.17,0.015,0,0.079,0.084,0.183,0.009,0,0.055,0,600,0.038,0.04,1
67.67,78.33,0.036,0.111,0.107,0,0.028,0.051,0,0.178,0.085,0,0.055,0.083,0.198,0.004,0,0.065,0,340,0.029,0.012,1
43.0,52.71,0.038,0.155,0.066,0,0.028,0.056,0,0.15,0.042,0,0.028,0.15,0.23,0.009,0,0.047,0,155,0.026,0.019,1
50.33,53.47,0.1,0.18,0.092,0,0.012,0.074,0,0.226,0.024,0,0.032,0.058,0.131,0.016,0,0.055,0,429,0.058,0.04,1
49.38,55.31,0.082,0.194,0.066,0,0.021,0.049,0,0.217,0.059,0,0.031,0.085,0.141,0.005,0,0.049,0,412,0.032,0.036,1
34.43,65.86,0.069,0.153,0.078,0,0.018,0.078,0,0.217,0.059,0,0.038,0.092,0.12,0.017,0,0.062,0,753,0.028,0.048,1
37.67,38.0,0.077,0.117,0.097,0,0.025,0.079,0,0.19,0.036,0,0.057,0.073,0.167,0.013,0,0.07,0,1339,0.039,0.034,1
37.33,57.33,0.094,0.14,0.097,0,0.024,0.061,0,0.204,0.024,0,0.061,0.088,0.152,0.015,0,0.04,0,213,0.038,0.028,1
47.1,55.5,0.065,0.198,0.075,0,0.031,0.092,0,0.212,0.02,0,0.034,0.075,0.123,0.003,0,0.072,0,184,0.022,0.049,1
38.84,45.37,0.056,0.177,0.062,0,0.018,0.059,0,0.235,0.072,0,0.033,0.093,0.143,0.001,0,0.051,0,636,0.033,0.042,1
33.0,49.0,0.082,0.168,0.037,0,0.015,0.076,0,0.238,0.037,0,0.034,0.125,0.152,0.006,0,0.03,0,219,0.009,0.05,1
36.33,71.33,0.068,0.163,0.11,0,0.017,0.074,0,0.21,0.026,0,0.047,0.052,0.161,0.009,0,0.063,0,638,0.019,0.025,1
49.09,49.55,0.068,0.184,0.058,0,0.021,0.074,0,0.2,0.042,0,0.011,0.147,0.168,0.005,0,0.021,0,125,0.008,0.032,1
39.0,51.0,0.049,0.155,0.1,0,0.026,0.045,0,0.193,0.043,0,0.065,0.059,0.196,0.004,0,0.065,0,314,0.029,0.057,1
44.22,38.89,0.065,0.144,0.079,0,0.028,0.07,0,0.209,0.034,0,0.052,0.053,0.184,0.009,0,0.072,0,586,0.068,0.051,1
49.9,54.7,0.044,0.122,0.098,0,0.025,0.085,0,0.17,0.044,0,0.068,0.055,0.198,0.017,0,0.074,0,735,0.044,0.022,1
56.0,56.75,0.065,0.157,0.1,0,0.02,0.093,0,0.217,0.039,0,0.037,0.059,0.159,0.008,0,0.047,0,319,0.031,0.044,1
44.0,48.4,0.077,0.138,0.139,0,0.025,0.083,0,0.187,0.026,0,0.055,0.034,0.164,0.01,0,0.062,0,1141,0.053,0.039,1
49.2,43.73,0.05,0.166,0.041,0,0.021,0.054,0,0.195,0.108,0,0.021,0.137,0.154,0.004,0,0.05,0,173,0.04,0.012,1
46.89,52.11,0.07,0.118,0.126,0,0.034,0.089,0,0.181,0.024,0,0.07,0.036,0.167,0.019,0,0.065,0,255,0.039,0.039,1
45.44,51.11,0.063,0.195,0.074,0,0.026,0.095,0,0.242,0.058,0,0.021,0.047,0.126,0.011,0,0.042,0,119,0.034,0.034,1
40.0,50.5,0.094,0.168,0.12,0,0.029,0.087,0,0.217,0.039,0,0.049,0.039,0.094,0.006,0,0.058,0,190,0.047,0.047,1
49.5,50.79,0.076,0.113,0.123,0,0.023,0.078,0,0.168,0.018,0,0.081,0.04,0.172,0.017,0,0.093,0,733,0.045,0.044,1
47.53,54.42,0.088,0.145,0.095,0,0.041,0.077,0,0.225,0.039,0,0.049,0.032,0.132,0.007,0,0.071,0,497,0.062,0.093,1
37.62,54.15,0.093,0.141,0.107,0,0.019,0.122,0,0.188,0.017,0,0.058,0.014,0.147,0.014,0,0.079,0,323,0.071,0.059,1
0,0,0.125,0.168,0.066,0,0.041,0.052,0,0.22,0.043,0,0.023,0.063,0.134,0.011,0,0.054,0,305,0.066,0.039,1
42.31,47.44,0.05,0.136,0.088,0,0.016,0.077,0,0.184,0.033,0,0.052,0.101,0.208,0.003,0,0.053,0,788,0.038,0.034,1
45.06,50.5,0.05,0.158,0.098,0,0.009,0.079,0,0.169,0.027,0,0.063,0.081,0.181,0.009,0,0.075,0,498,0.046,0.014,1
40.35,45.71,0.068,0.15,0.075,0,0.033,0.09,0,0.201,0.029,0,0.033,0.092,0.169,0.008,0,0.052,0,714,0.06,0.046,1
56.94,28.11,0,0.163,0.061,0,0.041,0.102,0,0.061,0.061,0,0.061,0.143,0.224,0,0,0.082,0,32,0.031,0.062,1
43.24,25.41,0,0.208,0.104,0,0,0,0,0.167,0.146,0,0.021,0.146,0.188,0,0,0.021,0,35,0.0,0.0,1
50.88,30.12,0.083,0.104,0.083,0,0.062,0.021,0,0.208,0.083,0,0.021,0.062,0.188,0.021,0,0.062,0,36,0.056,0.028,1
33.53,35.47,0.06,0.14,0.1,0,0.02,0.06,0,0.12,0.1,0,0.04,0.08,0.22,0,0,0.06,0,37,0.027,0.0,1
40.2,46.4,0.062,0.14,0.118,0,0.023,0.066,0,0.191,0.034,0,0.055,0.053,0.174,0.015,0,0.069,0,787,0.029,0.029,1
37.45,44.91,0.023,0.221,0.058,0,0.035,0.105,0,0.233,0.081,0,0.035,0.058,0.081,0,0,0.07,0,53,0.057,0.0,1
38.77,18.92,0.066,0.131,0.164,0,0.066,0.066,0,0.18,0.066,0,0.033,0.049,0.148,0,0,0.033,0,38,0.053,0.079,1
41.94,54.78,0.092,0.14,0.12,0,0.042,0.076,0,0.199,0.027,0,0.043,0.043,0.135,0.014,0,0.068,0,647,0.066,0.053,1
33.17,50.33,0.098,0.156,0.051,0,0.026,0.075,0,0.218,0.039,0,0.023,0.113,0.157,0.003,0,0.042,0,467,0.036,0.028,1
41.5,55.0,0.055,0.094,0.127,0,0.03,0.087,0,0.166,0.026,0,0.084,0.03,0.189,0.014,0,0.1,0,751,0.057,0.057,1
42.65,50.35,0.061,0.135,0.141,0,0.028,0.066,0,0.156,0.031,0,0.084,0.055,0.151,0.006,0,0.087,0,421,0.036,0.052,1
42.05,46.89,0.04,0.125,0.157,0,0.044,0.056,0,0.157,0.019,0,0.093,0.029,0.168,0.019,0,0.096,0,377,0.08,0.037,1
39.62,45.0,0.062,0.172,0.141,0,0.004,0.053,0,0.194,0.018,0,0.057,0.057,0.181,0.009,0,0.053,0,154,0.026,0.019,1
49.45,56.0,0.075,0.182,0.09,0,0.024,0.068,0,0.234,0.032,0,0.037,0.046,0.149,0.006,0,0.057,0,1229,0.093,0.032,1
7.5,6.83,0.015,0.106,0.106,0,0,0.061,0,0.121,0.091,0,0.03,0.106,0.288,0.015,0,0.061,0,53,0.019,0.038,0.0
18.74,17.53,0.054,0.108,0.054,0,0,0.074,0,0.142,0.155,0,0.014,0.162,0.196,0.014,0,0.027,0,104,0.019,0.01,0.0
23.89,23.33,0.07,0.155,0.056,0,0.014,0.042,0,0.183,0.113,0,0.028,0.141,0.127,0.028,0,0.042,0,47,0.021,0.021,0.0
32.75,21.69,0.068,0.014,0.054,0,0,0.014,0,0.108,0.149,0,0.014,0.149,0.324,0,0,0.108,0,53,0.0,0.0,0.0
35.67,36.0,0.051,0.169,0.085,0,0.017,0.102,0,0.203,0.136,0,0.017,0.085,0.119,0,0,0.017,0,41,0.024,0.122,0.0
30.32,20.21,0.065,0.104,0.026,0,0,0.065,0,0.13,0.117,0,0.026,0.182,0.273,0,0,0.013,0,62,0.016,0.048,0.0
0,0,0.048,0.167,0.06,0,0.024,0.083,0,0.119,0.083,0,0.06,0.131,0.155,0.012,0,0.06,0,52,0.058,0.038,0.0
16.69,17.44,0.094,0.137,0.068,0,0.009,0.026,0,0.103,0.154,0,0.034,0.171,0.154,0.017,0,0.034,0,84,0.024,0.036,0.0
14.0,14.0,0.064,0.103,0.051,0,0.013,0.09,0,0.141,0.09,0,0.051,0.09,0.244,0,0,0.064,0,56,0.0,0.054,0.0
45.2,33.4,0.047,0.105,0.035,0,0,0.081,0,0.151,0.128,0,0.035,0.128,0.198,0.012,0,0.081,0,63,0.016,0.048,0.0
32.77,29.38,0.045,0.115,0.09,0,0.02,0.07,0,0.11,0.1,0,0.03,0.095,0.21,0.025,0,0.09,0,145,0.021,0.062,0.0
25.0,26.67,0.047,0.098,0.114,0,0.041,0.047,0,0.114,0.088,0,0.031,0.114,0.187,0.026,0,0.093,0,132,0.045,0.03,0.0
0,0,0.047,0.147,0.047,0,0.022,0.061,0,0.136,0.056,0,0.056,0.156,0.181,0.017,0,0.075,0,251,0.024,0.072,0.0
22.76,26.71,0.047,0.075,0.047,0,0.019,0.019,0,0.085,0.104,0,0.028,0.198,0.33,0,0,0.047,0,89,0.034,0.022,0.0
24.35,21.35,0.022,0.044,0.008,0,0.011,0.006,0,0.13,0.222,0,0.011,0.235,0.296,0,0,0.014,0,331,0.0,0.009,0.0
7.3,4.6,0,0.069,0.138,0,0,0.069,0,0.103,0.103,0,0.069,0.103,0.241,0,0,0.103,0,22,0.045,0.045,0.0
20.33,13.0,0.057,0.149,0.057,0,0.035,0.05,0,0.113,0.106,0,0.05,0.121,0.22,0.007,0,0.035,0,98,0.041,0.051,0.0
0,0,0.073,0.101,0.055,0,0.009,0.101,0,0.165,0.083,0,0.009,0.183,0.165,0,0,0.055,0,74,0.014,0.041,0.0
5.27,3.73,0.03,0.091,0,0,0,0.182,0,0.121,0.061,0,0.03,0.182,0.152,0,0,0.152,0,25,0.04,0.0,0.0
12.0,9.92,0.066,0.123,0.09,0,0.033,0.052,0,0.133,0.095,0,0.033,0.118,0.161,0.014,0,0.081,0,143,0.049,0.042,0.0
0,0,0.06,0.163,0.046,0,0.032,0.053,0,0.155,0.11,0,0.046,0.064,0.191,0.004,0,0.078,0,196,0.036,0.026,0.0
9.2,4.8,0.053,0.154,0.078,0,0.026,0.075,0,0.157,0.093,0,0.051,0.074,0.182,0.013,0,0.045,0,401,0.035,0.05,0.0
0,0,0.041,0.096,0.041,0,0,0,0,0.192,0.137,0,0,0.068,0.37,0.014,0,0.041,0,62,0.032,0.016,0.0
9.0,9.3,0.025,0.2,0,0,0.025,0.05,0,0.2,0.075,0,0.025,0.05,0.25,0,0,0.1,0,27,0.111,0.037,0.0
0,0,0.016,0.065,0.065,0,0.016,0.097,0,0.081,0.161,0,0.065,0.161,0.21,0,0,0.065,0,47,0.043,0.0,0.0
0,0,0.014,0.085,0.056,0,0.028,0.113,0,0.085,0.056,0,0.07,0.141,0.239,0.014,0,0.099,0,49,0.0,0.041,0.0
11.8,12.6,0.084,0.115,0.075,0,0.019,0.082,0,0.157,0.066,0,0.049,0.075,0.213,0.005,0,0.061,0,291,0.045,0.045,0.0
27.56,25.56,0.051,0.151,0.084,0,0.035,0.086,0,0.154,0.065,0,0.046,0.078,0.165,0.008,0,0.076,0,237,0.025,0.046,0.0
55.33,46.0,0.054,0.137,0.067,0,0.024,0.062,0,0.154,0.119,0,0.027,0.111,0.194,0.005,0,0.046,0,257,0.016,0.031,0.0
18.19,18.19,0.049,0.151,0.049,0,0.013,0.059,0,0.174,0.062,0,0.013,0.168,0.217,0.003,0,0.039,0,217,0.023,0.014,0.0
8.53,6.67,0.024,0.098,0.061,0,0.067,0.055,0,0.165,0.049,0,0.03,0.134,0.25,0.006,0,0.061,0,129,0.031,0.062,0.0
38.56,37.38,0.085,0.12,0.068,0,0.009,0.085,0,0.162,0.06,0,0.051,0.077,0.188,0,0,0.094,0,80,0.05,0.037,0.0
8.41,7.88,0.091,0.045,0.091,0,0,0,0,0.227,0.091,0,0.091,0.091,0.273,0,0,0,0,17,0.0,0.0,0.0
26.0,19.5,0.025,0.091,0.091,0,0.033,0.107,0,0.157,0.066,0,0.017,0.058,0.306,0,0,0.05,0,92,0.043,0.043,0.0
45.44,32.89,0.044,0.113,0.056,0,0.025,0.062,0,0.119,0.069,0,0.037,0.106,0.325,0,0,0.044,0,123,0.008,0.024,0.0
33.0,36.0,0.024,0.118,0.047,0,0.012,0.082,0,0.129,0.106,0,0.059,0.118,0.165,0.012,0,0.129,0,62,0.016,0.065,0.0
8.47,8.67,0.043,0.114,0.057,0,0.029,0.129,0,0.114,0.1,0,0.029,0.143,0.171,0.014,0,0.057,0,45,0.044,0.044,0.0
14.08,14.25,0.095,0.119,0.063,0,0.029,0.098,0,0.148,0.1,0,0.047,0.082,0.169,0,0,0.05,0,260,0.054,0.081,0.0
48.5,41.0,0.046,0.11,0.092,0,0.028,0.073,0,0.11,0.073,0,0,0.11,0.248,0.018,0,0.092,0,79,0.013,0.051,0.0
52.0,51.0,0.013,0.12,0.067,0,0.013,0.08,0,0.147,0.12,0,0.04,0.12,0.2,0,0,0.08,0,55,0.0,0.073,0.0
16.17,13.33,0.058,0.034,0.053,0,0.01,0.024,0,0.092,0.077,0,0.048,0.116,0.42,0,0,0.068,0,154,0.0,0.026,0.0
32.38,22.75,0.044,0.133,0.044,0,0.044,0.089,0,0.133,0.111,0,0.022,0.133,0.244,0,0,0,0,31,0.097,0.0,0.0
0,0,0.107,0.107,0.018,0,0,0.054,0,0.179,0,0,0,0.125,0.393,0,0,0.018,0,43,0.047,0.023,0.0
0,0,0.101,0.089,0.038,0,0,0.114,0,0.165,0.114,0,0.051,0.089,0.165,0.013,0,0.063,0,59,0.034,0.034,0.0
26.19,23.25,0.055,0.182,0.091,0,0.009,0.045,0,0.155,0.145,0,0.045,0.045,0.127,0.009,0,0.091,0,75,0.013,0.04,0.0
0,0,0.06,0.15,0.062,0,0.025,0.086,0,0.165,0.093,0,0.058,0.045,0.193,0.006,0,0.058,0,337,0.024,0.033,0.0
23.27,19.27,0.112,0.146,0.045,0,0.011,0.045,0,0.135,0.045,0,0.022,0.124,0.236,0.011,0,0.067,0,65,0.031,0.0,0.0
15.17,16.17,0.045,0.148,0.045,0,0,0.011,0,0.205,0.091,0,0.068,0.114,0.159,0.011,0,0.102,0,65,0.092,0.015,0.0
49.25,38.62,0.065,0.065,0.073,0,0.016,0.041,0,0.187,0.146,0,0.024,0.073,0.244,0,0,0.065,0,94,0.0,0.053,0.0
3.71,3.71,0.038,0.062,0.096,0,0.007,0.069,0,0.098,0.078,0,0.14,0.056,0.256,0.013,0,0.087,0,317,0.013,0.044,0.0
24.19,17.06,0.013,0.087,0.062,0,0.025,0.075,0,0.138,0.163,0,0.05,0.075,0.25,0,0,0.062,0,59,0.017,0.034,0.0
32.33,29.33,0.023,0.161,0.034,0,0.034,0.034,0,0.195,0.069,0,0.046,0.092,0.207,0.011,0,0.092,0,55,0.036,0.055,0.0
29.53,22.4,0.037,0.15,0.043,0,0.027,0.07,0,0.102,0.064,0,0.043,0.16,0.187,0.005,0,0.112,0,124,0.016,0.024,0.0
22.33,21.0,0.047,0.151,0.05,0,0.029,0.043,0,0.137,0.144,0,0.04,0.09,0.212,0.004,0,0.054,0,196,0.026,0.041,0.0
28.13,25.73,0.054,0.161,0.075,0,0.022,0.075,0,0.14,0.086,0,0.054,0.129,0.161,0.011,0,0.032,0,58,0.017,0.0,0.0
0,0,0.023,0.098,0.06,0,0.008,0.083,0,0.143,0.135,0,0.098,0.075,0.18,0.008,0,0.09,0,93,0.054,0.022,0.0
34.69,52.15,0.041,0.081,0.081,0,0.027,0.054,0,0.108,0.122,0,0.054,0.122,0.27,0,0,0.041,0,56,0.0,0.0,0.0
19.11,18.58,0.05,0.131,0.045,0,0.015,0.078,0,0.131,0.118,0,0.025,0.138,0.226,0.005,0,0.038,0,289,0.017,0.028,0.0
25.0,23.5,0.021,0.191,0.085,0,0.021,0.128,0,0.149,0.106,0,0,0.128,0.128,0,0,0.043,0,31,0.032,0.161,0.0
33.17,22.83,0.084,0.108,0.012,0,0.048,0.108,0,0.108,0.048,0,0.072,0.145,0.217,0,0,0.048,0,55,0.0,0.0,0.0
0,0,0.021,0.141,0.064,0,0.018,0.098,0,0.147,0.061,0,0.086,0.07,0.202,0.003,0,0.089,0,212,0.019,0.071,0.0
34.0,57.0,0.074,0.148,0.057,0,0.029,0.045,0,0.115,0.131,0,0.029,0.123,0.201,0.008,0,0.041,0,171,0.041,0.006,0.0
20.8,20.27,0,0.19,0.069,0,0,0.069,0,0.121,0.086,0,0.052,0.172,0.207,0,0,0.034,0,40,0.0,0.05,0.0
35.07,27.0,0.051,0.154,0.108,0,0.015,0.077,0,0.164,0.041,0,0.046,0.103,0.179,0,0,0.062,0,125,0.048,0.016,0.0
8.6,6.6,0.052,0.161,0.069,0,0.023,0.056,0,0.157,0.108,0,0.039,0.102,0.177,0.007,0,0.049,0,210,0.033,0.024,0.0
22.46,21.69,0.01,0.01,0.015,0,0.005,0.01,0,0.025,0.271,0,0.005,0.191,0.427,0,0,0.03,0,185,0.0,0.005,0.0
0,0,0.023,0.098,0.06,0,0.008,0.083,0,0.143,0.135,0,0.098,0.075,0.18,0.008,0,0.09,0,93,0.054,0.022,0.0
12.44,12.0,0,0.107,0.054,0,0,0,0,0.214,0.179,0,0.054,0.125,0.214,0,0,0.054,0,44,0.136,0.068,0.0
0,0,0.091,0.212,0.061,0,0.091,0.03,0,0.212,0.03,0,0.03,0.061,0.091,0,0,0.091,0,22,0.0,0.091,0.0
25.86,16.29,0.054,0.046,0.062,0,0.038,0.054,0,0.092,0.131,0,0.062,0.108,0.292,0,0,0.062,0,102,0.039,0.0,0.0
20.43,19.64,0.038,0.077,0.058,0,0.019,0.038,0,0.154,0.096,0,0.019,0.173,0.25,0,0,0.077,0,39,0.0,0.0,0.0
0,0,0.093,0.144,0.052,0,0.041,0.082,0,0.155,0.089,0,0.017,0.11,0.175,0.007,0,0.034,0,198,0.03,0.051,0.0
0,0,0.093,0.144,0.052,0,0.041,0.082,0,0.155,0.089,0,0.017,0.11,0.175,0.007,0,0.034,0,198,0.03,0.051,0.0
0,0,0.022,0.087,0.043,0,0.022,0.13,0,0.152,0.065,0,0.043,0.13,0.196,0,0,0.109,0,34,0.0,0.029,0.0
5.62,5.38,0.016,0.089,0.089,0,0.032,0.008,0,0.097,0.121,0,0.032,0.161,0.25,0.016,0,0.089,0,100,0.03,0.05,0.0
25.12,21.0,0.062,0.102,0.133,0,0.023,0.062,0,0.102,0.078,0,0.055,0.055,0.227,0.023,0,0.078,0,89,0.034,0.022,0.0
12.86,10.07,0.109,0.196,0.065,0,0.022,0.087,0,0.043,0.022,0,0.022,0.13,0.239,0,0,0.065,0,30,0.067,0.0,0.0
13.4,11.47,0.027,0.045,0.064,0,0.009,0.045,0,0.155,0.2,0,0.036,0.091,0.273,0,0,0.055,0,84,0.0,0.024,0.0
9.29,11.93,0.091,0.091,0.055,0,0.018,0.073,0,0.145,0.164,0,0.091,0.055,0.182,0,0,0.036,0,39,0.051,0.103,0.0
40.33,47.0,0.054,0.128,0.035,0,0.062,0.062,0,0.128,0.105,0,0.043,0.152,0.191,0.004,0,0.035,0,168,0.042,0.018,0.0
0,0,0.037,0.093,0.043,0,0.012,0.037,0,0.105,0.228,0,0.006,0.167,0.272,0,0,0,0,131,0.0,0.008,0.0
19.0,15.61,0.027,0.041,0.014,0,0.005,0.036,0,0.213,0.213,0,0.023,0.195,0.199,0.005,0,0.032,0,200,0.01,0.0,0.0
6.12,6.47,0.061,0.121,0.015,0,0.015,0.106,0,0.152,0.076,0,0.045,0.167,0.197,0.015,0,0.03,0,45,0.0,0.022,0.0
34.0,27.0,0.039,0.104,0.026,0,0.013,0.104,0,0.149,0.143,0,0.019,0.143,0.195,0.006,0,0.058,0,114,0.009,0.035,0.0
27.17,29.0,0.055,0.133,0.066,0,0.017,0.083,0,0.149,0.077,0,0.055,0.122,0.193,0.006,0,0.044,0,126,0.016,0.008,0.0
0,0,0.033,0.016,0.016,0,0,0.066,0,0.148,0.049,0,0,0.262,0.295,0,0,0.115,0,48,0.0,0.0,0.0
2.73,5.87,0.023,0.182,0.045,0,0.023,0.045,0,0.136,0.159,0,0.023,0.159,0.136,0,0,0.068,0,32,0.031,0.0,0.0
12.75,13.25,0.037,0.095,0.037,0,0.031,0.049,0,0.156,0.104,0,0.043,0.113,0.239,0.006,0,0.089,0,243,0.033,0.049,0.0
3.12,2.25,0.067,0.143,0.071,0,0.022,0.058,0,0.17,0.085,0,0.018,0.103,0.201,0.004,0,0.058,0,166,0.036,0.078,0.0
5.11,5.89,0.1,0.133,0.046,0,0.029,0.05,0,0.163,0.067,0,0.017,0.129,0.229,0.008,0,0.029,0,170,0.018,0.071,0.0
6.62,4.81,0.049,0.11,0.085,0,0.061,0.085,0,0.183,0.085,0,0.073,0.073,0.134,0.012,0,0.049,0,53,0.057,0.057,0.0
0,0,0.051,0.086,0.063,0,0.035,0.059,0,0.133,0.153,0,0.016,0.114,0.243,0.004,0,0.043,0,195,0.041,0.01,0.0
40.83,43.83,0.046,0.168,0.023,0,0.023,0.031,0,0.115,0.076,0,0.031,0.206,0.198,0,0,0.084,0,96,0.042,0.083,0.0
14.38,22.77,0.045,0.114,0.045,0,0.023,0.045,0,0.159,0.045,0,0.045,0.205,0.205,0,0,0.068,0,33,0.03,0.03,0.0
11.25,9.06,0.056,0.104,0.04,0,0.016,0.088,0,0.092,0.072,0,0.056,0.112,0.287,0.008,0,0.072,0,174,0.0,0.029,0.0
12.31,9.44,0.056,0.097,0.042,0,0.042,0.111,0,0.111,0.097,0,0.069,0.083,0.194,0.028,0,0.069,0,49,0.061,0.02,0.0
0,0,0.077,0.026,0.026,0,0,0.051,0,0.179,0.103,0,0.051,0.179,0.256,0,0,0.051,0,27,0.0,0.0,0.0
0,0,0.019,0.152,0.057,0,0.019,0.114,0,0.21,0.038,0,0.019,0.105,0.2,0,0,0.067,0,70,0.029,0.129,0.0
23.08,17.85,0.077,0.128,0.044,0,0.029,0.018,0,0.161,0.125,0,0.026,0.147,0.201,0,0,0.044,0,188,0.011,0.037,0.0
28.65,27.41,0.033,0.072,0.077,0,0.019,0.057,0,0.167,0.077,0,0.019,0.115,0.268,0,0,0.096,0,157,0.025,0.025,0.0
26.21,36.57,0.02,0.157,0.059,0,0.02,0.059,0,0.176,0.059,0,0.039,0.098,0.216,0,0,0.098,0,36,0.083,0.028,0.0
11.24,10.53,0.061,0.149,0.074,0,0,0.02,0,0.196,0.068,0,0.034,0.142,0.216,0,0,0.041,0,108,0.009,0.028,0.0
29.13,24.67,0.008,0.089,0.008,0,0.057,0.102,0,0.118,0.28,0,0,0.195,0.142,0,0,0,0,179,0.0,0.0,0.0
0,0,0.018,0.158,0.105,0,0.053,0.07,0,0.193,0.123,0,0.018,0.07,0.158,0,0,0.035,0,38,0.0,0.026,0.0
4.14,3.07,0.1,0.1,0.062,0,0.037,0.037,0,0.138,0.075,0,0.1,0.113,0.15,0.013,0,0.075,0,49,0.0,0.02,0.0
0,0,0.055,0.1,0.036,0,0,0.1,0,0.173,0.045,0,0.027,0.164,0.2,0.027,0,0.073,0,76,0.0,0.0,0.0
0,0,0.026,0.154,0,0,0,0.038,0,0.205,0.167,0,0.051,0.051,0.179,0.026,0,0.103,0,54,0.019,0.019,0.0
14.69,10.88,0.075,0.108,0.05,0,0.025,0.075,0,0.117,0.083,0,0.033,0.15,0.175,0.017,0,0.092,0,86,0.047,0.012,0.0
0,0,0.056,0.111,0.056,0,0,0.056,0,0.069,0.111,0,0.028,0.222,0.236,0.014,0,0.042,0,56,0.054,0.0,0.0
4.06,4.59,0.073,0.122,0.012,0,0.024,0.061,0,0.22,0.122,0,0.012,0.073,0.207,0.012,0,0.061,0,59,0.017,0.017,0.0
2.47,3.12,0.12,0.169,0.024,0,0,0.084,0,0.133,0.06,0,0.06,0.157,0.145,0,0,0.048,0,54,0.056,0.019,0.0
42.0,38.75,0.054,0.177,0.031,0,0.038,0.054,0,0.154,0.115,0,0.031,0.115,0.162,0.031,0,0.038,0,83,0.048,0.012,0.0
22.47,21.65,0.076,0.076,0.096,0,0.02,0.051,0,0.168,0.096,0,0.051,0.076,0.223,0.015,0,0.051,0,142,0.021,0.014,0.0
10.44,9.69,0.043,0.096,0.096,0,0.035,0.035,0,0.096,0.07,0,0.052,0.174,0.261,0.009,0,0.035,0,87,0.011,0.034,0.0
15.33,14.47,0.058,0.186,0.047,0,0.035,0.058,0,0.128,0.186,0,0,0.116,0.128,0.012,0,0.047,0,59,0.017,0.0,0.0
28.0,23.0,0.04,0.083,0.083,0,0.02,0.049,0,0.158,0.063,0,0.054,0.063,0.327,0,0,0.06,0,268,0.03,0.034,0.0
1.94,3.19,0.028,0.123,0.038,0,0.019,0.104,0,0.123,0.198,0,0.009,0.113,0.208,0.019,0,0.019,0,78,0.0,0.013,0.0
26.07,27.86,0.062,0.078,0.047,0,0.031,0.062,0,0.109,0.016,0,0.047,0.172,0.328,0,0,0.047,0,48,0.0,0.0,0.0
13.95,14.37,0.044,0.089,0.144,0,0.022,0.044,0,0.111,0.033,0,0.033,0.178,0.267,0,0,0.033,0,68,0.044,0.044,0.0
20.88,20.69,0.035,0.189,0.042,0,0.017,0.045,0,0.182,0.147,0,0.024,0.108,0.154,0.003,0,0.052,0,197,0.03,0.015,0.0
0,0,0.012,0.169,0.072,0,0.036,0.06,0,0.145,0.084,0,0.024,0.145,0.181,0,0,0.072,0,57,0.035,0.053,0.0
2.33,2.11,0.032,0.097,0.048,0,0.016,0.065,0,0.194,0.065,0,0.016,0.113,0.274,0,0,0.081,0,47,0.064,0.0,0.0
10.47,7.29,0.034,0.103,0.069,0,0.017,0.086,0,0.172,0.086,0,0.017,0.069,0.241,0,0,0.103,0,44,0.068,0.0,0.0
12.8,11.0,0.046,0.071,0.037,0,0.004,0.091,0,0.145,0.12,0,0.012,0.178,0.261,0,0,0.033,0,188,0.011,0.027,0.0
15.41,12.59,0.07,0.04,0.01,0,0.01,0.03,0,0.12,0.11,0,0,0.2,0.39,0,0,0.02,0,89,0.0,0.011,0.0
13.33,16.33,0.031,0.125,0.066,0,0.039,0.07,0,0.156,0.105,0,0.09,0.047,0.184,0.008,0,0.078,0,176,0.062,0.057,0.0
0,0,0.031,0.136,0.08,0,0.037,0.068,0,0.179,0.099,0,0.025,0.049,0.228,0.019,0,0.049,0,118,0.034,0.059,0.0
0,0,0.065,0.065,0.073,0,0.008,0.049,0,0.13,0.114,0,0.008,0.211,0.228,0,0,0.049,0,90,0.022,0.011,0.0
0,0,0.042,0.083,0.056,0,0.021,0.021,0,0.083,0.16,0,0.042,0.181,0.271,0,0,0.042,0,123,0.033,0.008,0.0
0,0,0.035,0.174,0.055,0,0.025,0.124,0,0.144,0.109,0,0.04,0.095,0.149,0.005,0,0.045,0,122,0.066,0.066,0.0
13.3,13.4,0.077,0.154,0.09,0,0.013,0.026,0,0.141,0.154,0,0.038,0.09,0.141,0.026,0,0.051,0,53,0.038,0.038,0.0
0,0,0.027,0.074,0.054,0,0.013,0.04,0,0.128,0.114,0,0.027,0.148,0.329,0,0,0.047,0,123,0.024,0.0,0.0
0,0,0.054,0.14,0.011,0,0.022,0.043,0,0.043,0.086,0,0,0.151,0.419,0,0,0.032,0,72,0.028,0.0,0.0
26.39,20.28,0.077,0.132,0.132,0,0.049,0.066,0,0.176,0.038,0,0.033,0.071,0.121,0.033,0,0.071,0,120,0.075,0.133,0.0
0,0,0.065,0.129,0.058,0,0.014,0.065,0,0.094,0.072,0,0.065,0.173,0.223,0,0,0.043,0,94,0.011,0.043,0.0
0,0,0.082,0.153,0.02,0,0.031,0.071,0,0.153,0.051,0,0.041,0.153,0.204,0,0,0.041,0,67,0.045,0.09,0.0
0,0,0.054,0.156,0.071,0,0.031,0.059,0,0.15,0.088,0,0.065,0.105,0.176,0.006,0,0.04,0,233,0.009,0.056,0.0
13.81,7.56,0.057,0.151,0.075,0,0,0.075,0,0.132,0.151,0,0,0.075,0.226,0,0,0.057,0,40,0.0,0.075,0.0
0,0,0.055,0.101,0.073,0,0.009,0.138,0,0.156,0.037,0,0.037,0.138,0.165,0.009,0,0.083,0,71,0.0,0.113,0.0
23.67,28.22,0.038,0.156,0.038,0,0.011,0.043,0,0.145,0.081,0,0.022,0.134,0.29,0.011,0,0.032,0,139,0.022,0.058,0.0
6.33,7.33,0.071,0.146,0.068,0,0.029,0.073,0,0.138,0.099,0,0.039,0.113,0.165,0.007,0,0.052,0,507,0.028,0.034,0.0
9.0,9.2,0.099,0.129,0.04,0,0.03,0.059,0,0.168,0.02,0,0.059,0.089,0.248,0.01,0,0.05,0,67,0.03,0.03,0.0
18.58,14.33,0.077,0.101,0.106,0,0.034,0.082,0,0.135,0.063,0,0.077,0.092,0.169,0.01,0,0.053,0,137,0.022,0.073,0.0
8.38,9.31,0.062,0.172,0.086,0,0,0.091,0,0.172,0.12,0,0.033,0.096,0.134,0,0,0.033,0,142,0.035,0.042,0.0
14.69,10.25,0.063,0.175,0.095,0,0.063,0.111,0,0.19,0.032,0,0.016,0.048,0.175,0,0,0.032,0,43,0.0,0.07,0.0
0,0,0.055,0.128,0.055,0,0.028,0.073,0,0.156,0.092,0,0.064,0.119,0.174,0,0,0.055,0,70,0.071,0.0,0.0
34.19,20.44,0.058,0.14,0.058,0,0.008,0.091,0,0.165,0.05,0,0.041,0.107,0.182,0.017,0,0.083,0,80,0.025,0.087,0.0
0,0,0.069,0.123,0.084,0,0.027,0.057,0,0.211,0.05,0,0.057,0.077,0.184,0.008,0,0.054,0,175,0.017,0.097,0.0
35.12,38.38,0.048,0.222,0.048,0,0,0.016,0,0.159,0.048,0,0.016,0.27,0.159,0,0,0.016,0,44,0.0,0.045,0.0
5.18,3.65,0.011,0.08,0.034,0,0.011,0.102,0,0.136,0.08,0,0.011,0.25,0.239,0.011,0,0.034,0,69,0.014,0.0,0.0
0,0,0.052,0.094,0.045,0,0.035,0.081,0,0.142,0.094,0,0.042,0.103,0.235,0.01,0,0.068,0,224,0.036,0.062,0.0
7.47,3.12,0.077,0.077,0.123,0,0.015,0.046,0,0.138,0.062,0,0.092,0.046,0.215,0.015,0,0.092,0,47,0.021,0.043,0.0
28.54,25.62,0.05,0.09,0.028,0,0.013,0.055,0,0.146,0.224,0,0.01,0.166,0.186,0,0,0.033,0,320,0.0,0.019,0.0
3.28,1.94,0.055,0.109,0.084,0,0.018,0.088,0,0.106,0.066,0,0.069,0.091,0.193,0.022,0,0.099,0,193,0.026,0.01,0.0
0,0,0.021,0.145,0.083,0,0.031,0.041,0,0.119,0.109,0,0.088,0.078,0.207,0.01,0,0.067,0,128,0.008,0.039,0.0
0,0,0.051,0.122,0.092,0,0,0.061,0,0.153,0.092,0,0.041,0.082,0.204,0.031,0,0.071,0,74,0.041,0.041,0.0
8.86,8.57,0.05,0.11,0.02,0,0.01,0.11,0,0.16,0.07,0,0.03,0.13,0.27,0.02,0,0.02,0,71,0.0,0.014,0.0
6.39,7.5,0.042,0.095,0.049,0,0.027,0.121,0,0.148,0.091,0,0.076,0.064,0.163,0.011,0,0.114,0,171,0.018,0.012,0.0
12.6,11.2,0.05,0.156,0.053,0,0.006,0.067,0,0.139,0.058,0,0.084,0.086,0.209,0.008,0,0.084,0,234,0.038,0.026,0.0
0,0,0.078,0.059,0.029,0,0,0.069,0,0.069,0.137,0,0.02,0.235,0.245,0,0,0.059,0,83,0.0,0.024,0.0
0,0,0.054,0.134,0.036,0,0.018,0.089,0,0.214,0.107,0,0.018,0.134,0.179,0,0,0.018,0,78,0.0,0.038,0.0
5.29,6.71,0.087,0.137,0.062,0,0.008,0.066,0,0.158,0.062,0,0.041,0.066,0.203,0.012,0,0.095,0,176,0.04,0.074,0.0
0,0,0.043,0.101,0.065,0,0.007,0.022,0,0.079,0.129,0,0.029,0.115,0.36,0.022,0,0.029,0,112,0.027,0.036,0.0
0,0,0.02,0.224,0,0,0.02,0.041,0,0.143,0.163,0,0,0.184,0.184,0,0,0.02,0,34,0.0,0.0,0.0
7.62,6.62,0.04,0.08,0.067,0,0.013,0.04,0,0.107,0.12,0,0.027,0.133,0.307,0,0,0.067,0,58,0.017,0.0,0.0
16.24,15.65,0.048,0.117,0.076,0,0.031,0.062,0,0.127,0.093,0,0.027,0.137,0.244,0.007,0,0.031,0,213,0.009,0.005,0.0
0,0,0.105,0.105,0.039,0,0.013,0.066,0,0.237,0.158,0,0.026,0.066,0.132,0,0,0.053,0,54,0.074,0.037,0.0
0,0,0.068,0.115,0.044,0,0.02,0.078,0,0.159,0.088,0,0.051,0.132,0.169,0,0,0.078,0,192,0.031,0.021,0.0
4.47,3.13,0,0.023,0.186,0,0.023,0.023,0,0.116,0.116,0,0,0.047,0.395,0.023,0,0.047,0,36,0.0,0.056,0.0
9.38,4.62,0,0.086,0.102,0,0.016,0.039,0,0.125,0.156,0,0.008,0.102,0.297,0.008,0,0.062,0,99,0.0,0.0,0.0
27.29,17.43,0.067,0.15,0.033,0,0.011,0.033,0,0.111,0.128,0,0.033,0.156,0.239,0.006,0,0.033,0,133,0.008,0.0,0.0
10.41,8.12,0.042,0.167,0.104,0,0.042,0.062,0,0.146,0.062,0,0.104,0.062,0.167,0,0,0.042,0,28,0.071,0.071,0.0
3.44,3.78,0.083,0.222,0.056,0,0,0.083,0,0.25,0.083,0,0.028,0.056,0.028,0,0,0.111,0,23,0.043,0.0,0.0
11.25,12.5,0.092,0.148,0.051,0,0.031,0.061,0,0.122,0.107,0,0.02,0.138,0.204,0.005,0,0.02,0,139,0.014,0.022,0.0
0,0,0.067,0.15,0.033,0,0,0.05,0,0.267,0.083,0,0,0.15,0.183,0,0,0.017,0,45,0.089,0.022,0.0
28.67,22.0,0.078,0.057,0.064,0,0.014,0.043,0,0.156,0.05,0,0.021,0.121,0.376,0,0,0.021,0,102,0.0,0.02,0.0
0,0,0.049,0.097,0.059,0,0.017,0.09,0,0.153,0.122,0,0.059,0.059,0.229,0.003,0,0.062,0,210,0.043,0.043,0.0
2.46,3.38,0.056,0.168,0.037,0,0.012,0.093,0,0.155,0.099,0,0.056,0.056,0.186,0.006,0,0.075,0,108,0.065,0.009,0.0
7.43,7.71,0.019,0.093,0,0,0.019,0.019,0,0.111,0.074,0,0.056,0.296,0.167,0,0,0.148,0,42,0.048,0.024,0.0
23.75,23.38,0.017,0.143,0.042,0,0.025,0.05,0,0.193,0.218,0,0.017,0.067,0.168,0,0,0.059,0,92,0.011,0.011,0.0
0,0,0.06,0.165,0.056,0,0.03,0.052,0,0.161,0.131,0,0.019,0.086,0.184,0.007,0,0.049,0,185,0.032,0.043,0.0
42.0,62.0,0.041,0.105,0.042,0,0.014,0.057,0,0.132,0.157,0,0.029,0.086,0.272,0.003,0,0.062,0,458,0.026,0.017,0.0
3.0,1.38,0.011,0.161,0.023,0,0.023,0.092,0,0.138,0.126,0,0.046,0.034,0.23,0.011,0,0.103,0,59,0.017,0.068,0.0
15.17,7.17,0.012,0.122,0.049,0,0.024,0.073,0,0.146,0.073,0,0.11,0.061,0.268,0,0,0.061,0,62,0.048,0.065,0.0
5.8,4.53,0.05,0.139,0.03,0,0.04,0.079,0,0.188,0.129,0,0.01,0.129,0.139,0,0,0.069,0,74,0.027,0.014,0.0
6.08,4.38,0.032,0.063,0.105,0,0.032,0.084,0,0.126,0.084,0,0.053,0.137,0.189,0,0,0.095,0,60,0.0,0.033,0.0
0,0,0.027,0.08,0.027,0,0.018,0.036,0,0.134,0.214,0,0.027,0.143,0.196,0.027,0,0.071,0,88,0.034,0.034,0.0
5.56,3.81,0.019,0.102,0.037,0,0.046,0.046,0,0.13,0.13,0,0.065,0.13,0.185,0,0,0.111,0,78,0.051,0.128,0.0
0,0,0.026,0.086,0.034,0,0.026,0.06,0,0.112,0.086,0,0.026,0.147,0.345,0,0,0.052,0,95,0.021,0.011,0.0
4.14,6.29,0.055,0.155,0.04,0,0.01,0.06,0,0.13,0.125,0,0.03,0.13,0.24,0,0,0.025,0,143,0.028,0.035,0.0
0,0,0.031,0.115,0.052,0,0.021,0.052,0,0.125,0.135,0,0.021,0.177,0.25,0,0,0.021,0,72,0.028,0.0,0.0
14.53,7.12,0.026,0.103,0.06,0,0,0.077,0,0.085,0.085,0,0.043,0.171,0.316,0.009,0,0.026,0,89,0.0,0.022,0.0
0,0,0.017,0.043,0.009,0,0.009,0.026,0,0.138,0.345,0,0,0.172,0.216,0.009,0,0.017,0,102,0.0,0.0,0.0
0,0,0.073,0.073,0.061,0,0.049,0.11,0,0.146,0.122,0,0.037,0.073,0.207,0.012,0,0.037,0,61,0.066,0.049,0.0
13.33,10.67,0.027,0.176,0.027,0,0.041,0.068,0,0.203,0.054,0,0.014,0.189,0.135,0,0,0.068,0,49,0.02,0.02,0.0
5.85,3.69,0.04,0.149,0.089,0,0.01,0.079,0,0.119,0.069,0,0.04,0.109,0.238,0.02,0,0.04,0,72,0.069,0.028,0.0
6.06,5.88,0.049,0.123,0.025,0,0.033,0.115,0,0.189,0.057,0,0,0.115,0.205,0,0,0.09,0,84,0.036,0.024,0.0
26.75,22.75,0.073,0.073,0.061,0,0,0.073,0,0.171,0.098,0,0,0.207,0.22,0,0,0.024,0,64,0.047,0.0,0.0
6.2,2.7,0.02,0.102,0.082,0,0.02,0.061,0,0.184,0.061,0,0.122,0.082,0.143,0,0,0.122,0,31,0.065,0.065,0.0
0,0,0.081,0.16,0.066,0,0.025,0.074,0,0.135,0.106,0,0.034,0.076,0.199,0.007,0,0.037,0,270,0.019,0.044,0.0
0,0,0.071,0.165,0.043,0,0.039,0.087,0,0.177,0.079,0,0.028,0.091,0.142,0.008,0,0.071,0,171,0.035,0.064,0.0
0,0,0,0.163,0.109,0,0,0.065,0,0.174,0.174,0,0.033,0.109,0.109,0,0,0.065,0,61,0.0,0.016,0.0
31.82,26.18,0.051,0.103,0.045,0,0.026,0.083,0,0.115,0.147,0,0.038,0.135,0.192,0.013,0,0.051,0,117,0.017,0.026,0.0
0,0,0.017,0.102,0.017,0,0.017,0.068,0,0.051,0.102,0,0,0.237,0.271,0,0,0.119,0,47,0.043,0.043,0.0
2.46,4.69,0.026,0.096,0.044,0,0.018,0.018,0,0.105,0.123,0,0.009,0.202,0.289,0,0,0.07,0,95,0.032,0.0,0.0
11.67,14.4,0.05,0.075,0.025,0,0,0.075,0,0.175,0.05,0,0.025,0.2,0.275,0,0,0.05,0,31,0.0,0.032,0.0
0,0,0.022,0.097,0.067,0,0.011,0.112,0,0.123,0.134,0,0.052,0.052,0.19,0.015,0,0.123,0,185,0.0,0.049,0.0
14.25,11.25,0.059,0.112,0.101,0,0.024,0.059,0,0.154,0.089,0,0.047,0.112,0.178,0.006,0,0.059,0,118,0.008,0.034,0.0
0,0,0.066,0.104,0.104,0,0.038,0.066,0,0.142,0.047,0,0.038,0.104,0.198,0.019,0,0.075,0,72,0.042,0.028,0.0
3.2,2.13,0.065,0.13,0.043,0,0.022,0.087,0,0.13,0.043,0,0.087,0.13,0.174,0,0,0.087,0,32,0.031,0.031,0.0
7.0,7.91,0.052,0.132,0.065,0,0.036,0.059,0,0.178,0.088,0,0.065,0.059,0.207,0.008,0,0.052,0,262,0.023,0.053,0.0
0,0,0.058,0.154,0.058,0,0.038,0.115,0,0.115,0.115,0,0,0.154,0.115,0,0,0.077,0,32,0.0,0.094,0.0
0,0,0.04,0.13,0.083,0,0.029,0.067,0,0.146,0.096,0,0.067,0.056,0.219,0.004,0,0.063,0,372,0.04,0.024,0.0
6.31,7.62,0.097,0.179,0.062,0,0.034,0.041,0,0.179,0.097,0,0,0.124,0.159,0.007,0,0.021,0,99,0.0,0.01,0.0
0,0,0.023,0.086,0.104,0,0.027,0.072,0,0.09,0.063,0,0.068,0.045,0.315,0.005,0,0.104,0,168,0.024,0.036,0.0
0,0,0.055,0.176,0.059,0,0.035,0.09,0,0.176,0.078,0,0.024,0.078,0.196,0,0,0.031,0,162,0.025,0.012,0.0
2.16,1.63,0.108,0.108,0.075,0,0.022,0.032,0,0.161,0.075,0,0.032,0.108,0.237,0,0,0.043,0,70,0.043,0.0,0.0
0,0,0.113,0.124,0.043,0,0.016,0.097,0,0.199,0.081,0,0.038,0.038,0.161,0.005,0,0.086,0,123,0.049,0.089,0.0
18.24,12.71,0.029,0.044,0.044,0,0,0.044,0,0.044,0.118,0,0,0.221,0.368,0,0,0.088,0,53,0.0,0.0,0.0
20.83,15.17,0.111,0.086,0.099,0,0.049,0.086,0,0.111,0.062,0,0.012,0.123,0.235,0,0,0.025,0,55,0.0,0.055,0.0
0,0,0,0.229,0.067,0,0.029,0.067,0,0.21,0.038,0,0,0.162,0.162,0.01,0,0.029,0,74,0.014,0.041,0.0
0,0,0.043,0.13,0.078,0,0.035,0.052,0,0.183,0.122,0,0.026,0.174,0.113,0,0,0.043,0,82,0.024,0.061,0.0
53.0,48.5,0.052,0.065,0.013,0,0.013,0.026,0,0.169,0.162,0,0.045,0.13,0.24,0.013,0,0.071,0,110,0.0,0.055,0.0
0,0,0.059,0.088,0.069,0,0.01,0.059,0,0.147,0.078,0,0.049,0.108,0.275,0,0,0.059,0,76,0.013,0.0,0.0
0,0,0.048,0.143,0.016,0,0.016,0.032,0,0.111,0.19,0,0.032,0.222,0.175,0,0,0.016,0,46,0.043,0.022,0.0
17.29,12.86,0.008,0.113,0.056,0,0.016,0.081,0,0.169,0.113,0,0.04,0.113,0.161,0.04,0,0.089,0,91,0.022,0.011,0.0
3.56,1.06,0.015,0.118,0.044,0,0.015,0.103,0,0.103,0.103,0,0.162,0.044,0.25,0.029,0,0.015,0,37,0.027,0.027,0.0
61.0,50.0,0.037,0.099,0.093,0,0.019,0.056,0,0.106,0.087,0,0.099,0.062,0.236,0.031,0,0.075,0,109,0.064,0.037,0.0
17.73,20.67,0.041,0.092,0.061,0,0.01,0.071,0,0.122,0.133,0,0.031,0.163,0.214,0,0,0.061,0,74,0.014,0.014,0.0
0,0,0.066,0.205,0.033,0,0.016,0.066,0,0.221,0.074,0,0.025,0.049,0.131,0.016,0,0.098,0,79,0.101,0.025,0.0
18.0,12.75,0.092,0.041,0.031,0,0,0.071,0,0.194,0.102,0,0,0.143,0.255,0.01,0,0.061,0,71,0.014,0.0,0.0
0,0,0.11,0.096,0.041,0,0.027,0.11,0,0.192,0.055,0,0.041,0.068,0.192,0.014,0,0.055,0,53,0.094,0.038,0.0
3.38,2.12,0.013,0.026,0.09,0,0.026,0.09,0,0.167,0.051,0,0.103,0.09,0.218,0.013,0,0.115,0,53,0.038,0.057,0.0
0,0,0.038,0.132,0.094,0,0.025,0.075,0,0.132,0.126,0,0.057,0.107,0.126,0.006,0,0.082,0,104,0.01,0.087,0.0
17.67,28.0,0.022,0.156,0,0,0.067,0.111,0,0.133,0.133,0,0,0.156,0.178,0,0,0.044,0,31,0.0,0.032,0.0
38.0,49.0,0.055,0.084,0.087,0,0.019,0.074,0,0.129,0.107,0,0.045,0.104,0.23,0.003,0,0.061,0,225,0.044,0.036,0.0
0,0,0.104,0.15,0.058,0,0.029,0.081,0,0.168,0.145,0,0.017,0.092,0.121,0,0,0.035,0,115,0.0,0.017,0.0
36.0,58.0,0.12,0.16,0.02,0,0,0.08,0,0.12,0.1,0,0.02,0.2,0.16,0,0,0.02,0,35,0.057,0.029,0.0
13.31,12.19,0,0.203,0,0,0.017,0,0,0.085,0.085,0,0,0.288,0.322,0,0,0,0,44,0.0,0.0,0.0
0,0,0.037,0.087,0.037,0,0.013,0.062,0,0.113,0.15,0,0.062,0.113,0.237,0,0,0.087,0,53,0.019,0.019,0.0
12.12,11.75,0.037,0.081,0.029,0,0.015,0.037,0,0.184,0.125,0,0.007,0.154,0.287,0,0,0.044,0,116,0.0,0.0,0.0
0,0,0.048,0.096,0.012,0,0.012,0.024,0,0.084,0.133,0,0.024,0.205,0.361,0,0,0,0,67,0.0,0.0,0.0
0,0,0.056,0.113,0.035,0,0.014,0.085,0,0.225,0.092,0,0.021,0.092,0.239,0.007,0,0.021,0,102,0.029,0.069,0.0
6.44,4.22,0.139,0.167,0.083,0,0,0.056,0,0.167,0.083,0,0,0.028,0.278,0,0,0,0,24,0.125,0.0,0.0
0,0,0.043,0.156,0.074,0,0.023,0.102,0,0.102,0.117,0,0.059,0.078,0.18,0.004,0,0.062,0,164,0.018,0.024,0.0
3.16,2.58,0.063,0.171,0.057,0,0.032,0.076,0,0.158,0.082,0,0.032,0.108,0.171,0,0,0.051,0,111,0.072,0.0,0.0
0,0,0.058,0.174,0.014,0,0.014,0.014,0,0.13,0.188,0,0.029,0.087,0.232,0,0,0.058,0,52,0.019,0.038,0.0
0,0,0.057,0.1,0.014,0,0.057,0.143,0,0.229,0.043,0,0.029,0.057,0.214,0,0,0.057,0,50,0.04,0.0,0.0
0,0,0.049,0.148,0.085,0,0.021,0.042,0,0.106,0.148,0,0.071,0.074,0.191,0.007,0,0.057,0,189,0.021,0.011,0.0
4.4,5.07,0.025,0.085,0.042,0,0.017,0.025,0,0.161,0.127,0,0.025,0.136,0.339,0,0,0.017,0,92,0.0,0.0,0.0
0,0,0.023,0.068,0,0,0,0.091,0,0.182,0.068,0,0,0.182,0.273,0,0,0.114,0,38,0.079,0.0,0.0
0,0,0.049,0.082,0.066,0,0.016,0.066,0,0.131,0.098,0,0.082,0.098,0.23,0,0,0.082,0,43,0.023,0.07,0.0
7.0,5.0,0.048,0.096,0.09,0,0.033,0.078,0,0.149,0.093,0,0.039,0.09,0.215,0.006,0,0.066,0,248,0.056,0.056,0.0
0,0,0.053,0.116,0.048,0,0.043,0.058,0,0.116,0.068,0,0.034,0.087,0.314,0,0,0.063,0,155,0.013,0.045,0.0
3.71,3.65,0.091,0.164,0.05,0,0.027,0.068,0,0.127,0.123,0,0.018,0.109,0.195,0,0,0.027,0,143,0.035,0.028,0.0
3.36,3.79,0.075,0.115,0.044,0,0.026,0.079,0,0.22,0.048,0,0.035,0.075,0.189,0.009,0,0.084,0,155,0.026,0.039,0.0
20.8,15.07,0.073,0.182,0.036,0,0.018,0.091,0,0.091,0.109,0,0,0.182,0.145,0,0,0.073,0,40,0.05,0.05,0.0
0,0,0.026,0.103,0.064,0,0.038,0.103,0,0.154,0.064,0,0.026,0.115,0.205,0.013,0,0.09,0,51,0.02,0.02,0.0
0,0,0.054,0.126,0.072,0,0.042,0.06,0,0.138,0.126,0,0.018,0.102,0.198,0.006,0,0.06,0,120,0.033,0.017,0.0
6.0,7.62,0.066,0.147,0.081,0,0.053,0.041,0,0.175,0.147,0,0.016,0.094,0.128,0.003,0,0.05,0,222,0.0,0.041,0.0
0,0,0.097,0.175,0.058,0,0.01,0.097,0,0.184,0.058,0,0.01,0.117,0.155,0,0,0.039,0,66,0.045,0.03,0.0
19.0,21.0,0.027,0.162,0.103,0,0.032,0.059,0,0.119,0.135,0,0.016,0.141,0.157,0.011,0,0.038,0,129,0.008,0.023,0.0
7.07,8.36,0.076,0.127,0.094,0,0.02,0.081,0,0.13,0.074,0,0.066,0.056,0.181,0.008,0,0.087,0,273,0.037,0.051,0.0
0,0,0.046,0.159,0.075,0,0.019,0.092,0,0.147,0.14,0,0.046,0.085,0.133,0.005,0,0.053,0,263,0.03,0.057,0.0
0,0,0.085,0.122,0.061,0,0.012,0.049,0,0.122,0.146,0,0.012,0.171,0.195,0,0,0.024,0,60,0.017,0.067,0.0
21.92,16.17,0.064,0.148,0.082,0,0.02,0.075,0,0.127,0.109,0,0.05,0.084,0.18,0.011,0,0.05,0,304,0.016,0.033,0.0
83.0,45.0,0.053,0.132,0.026,0,0,0.053,0,0.184,0.053,0,0,0.211,0.237,0,0,0.053,0,30,0.033,0.067,0.0
0,0,0.014,0.113,0.043,0,0.043,0.064,0,0.099,0.213,0,0.043,0.071,0.227,0.007,0,0.064,0,101,0.01,0.04,0.0
32.87,25.4,0.088,0.168,0.044,0,0.018,0.044,0,0.186,0.115,0,0.018,0.044,0.248,0,0,0.027,0,77,0.039,0.026,0.0
0,0,0.036,0.125,0.036,0,0.062,0.098,0,0.161,0.161,0,0.027,0.071,0.17,0,0,0.054,0,75,0.027,0.013,0.0
0,0,0.065,0.091,0.091,0,0.013,0.026,0,0.104,0.026,0,0.065,0.182,0.247,0.013,0,0.078,0,55,0.0,0.073,0.0
14.88,8.88,0.075,0.14,0.065,0,0.011,0.022,0,0.14,0.065,0,0.011,0.215,0.237,0,0,0.022,0,70,0.014,0.014,0.0
0,0,0.047,0.124,0.035,0,0.024,0.112,0,0.165,0.029,0,0.059,0.088,0.235,0.012,0,0.071,0,117,0.034,0.026,0.0
20.0,14.33,0.106,0.191,0.021,0,0,0.043,0,0.213,0.085,0,0,0.128,0.17,0,0,0.043,0,32,0.031,0.0,0.0
0,0,0.013,0.072,0.052,0,0.02,0.131,0,0.144,0.098,0,0.072,0.105,0.235,0.02,0,0.039,0,110,0.027,0.064,0.0
4.73,4.55,0.066,0.134,0.066,0,0.016,0.053,0,0.163,0.134,0,0.019,0.091,0.234,0.003,0,0.022,0,235,0.034,0.017,0.0
0,0,0.048,0.129,0.088,0,0.02,0.061,0,0.143,0.116,0,0.041,0.082,0.197,0.007,0,0.068,0,108,0.019,0.019,0.0
0,0,0.01,0.2,0.03,0,0.01,0.07,0,0.15,0.13,0,0.01,0.11,0.24,0,0,0.04,0,72,0.014,0.014,0.0
0,0,0.041,0.143,0.041,0,0.031,0.061,0,0.163,0.112,0,0.071,0.112,0.204,0,0,0.02,0,65,0.0,0.062,0.0
18.24,20.35,0.009,0.193,0.083,0,0.018,0.018,0,0.193,0.174,0,0.009,0.101,0.147,0.009,0,0.046,0,82,0.0,0.049,0.0
9.78,9.0,0.046,0.121,0.054,0,0.017,0.063,0,0.18,0.105,0,0.059,0.054,0.209,0.017,0,0.075,0,160,0.069,0.037,0.0
3.1,4.3,0.068,0.102,0.051,0,0.051,0.136,0,0.153,0.119,0,0.034,0.136,0.119,0,0,0.034,0,38,0.079,0.053,0.0
0,0,0.036,0.088,0.036,0,0.007,0.102,0,0.168,0.095,0,0.029,0.088,0.226,0,0,0.124,0,94,0.032,0.053,0.0
0,0,0.056,0.185,0.093,0,0,0.037,0,0.093,0.111,0,0.037,0.222,0.093,0.019,0,0.056,0,35,0.029,0.029,0.0
0,0,0.059,0.119,0.059,0,0,0.169,0,0.119,0.034,0,0.034,0.161,0.161,0.017,0,0.068,0,76,0.026,0.026,0.0
3.46,1.85,0.026,0.211,0.061,0,0,0.035,0,0.219,0.132,0,0.035,0.088,0.14,0.009,0,0.044,0,76,0.053,0.0,0.0
5.09,4.36,0.065,0.159,0.047,0,0.024,0.059,0,0.129,0.129,0,0.006,0.135,0.165,0.018,0,0.065,0,119,0.017,0.067,0.0
38.67,40.0,0.04,0.091,0.091,0,0.071,0.101,0,0.111,0.081,0,0.051,0.111,0.192,0.03,0,0.03,0,62,0.032,0.016,0.0
6.33,6.33,0.086,0.171,0.029,0,0,0.057,0,0.114,0.114,0,0.029,0.2,0.114,0,0,0.086,0,26,0.038,0.038,0.0
12.44,7.0,0.071,0.014,0.043,0,0,0.043,0,0.186,0.1,0,0.014,0.114,0.343,0,0,0.071,0,58,0.017,0.052,0.0
69.0,45.0,0.072,0.119,0.093,0,0.015,0.072,0,0.155,0.119,0,0.062,0.082,0.149,0.015,0,0.046,0,130,0.023,0.054,0.0
0,0,0.041,0.122,0.041,0,0.014,0.054,0,0.149,0.149,0,0.041,0.162,0.216,0,0,0.014,0,52,0.038,0.019,0.0
21.75,18.5,0.039,0.162,0.078,0,0.019,0.104,0,0.175,0.091,0,0.013,0.045,0.182,0.006,0,0.084,0,110,0.073,0.064,0.0
0,0,0.017,0.017,0.017,0,0.034,0.155,0,0.138,0.086,0,0.052,0.207,0.207,0,0,0.069,0,42,0.0,0.0,0.0
6.64,4.64,0.017,0.103,0.034,0,0.009,0.112,0,0.103,0.095,0,0.086,0.155,0.216,0,0,0.069,0,79,0.013,0.025,0.0
52.0,41.0,0.029,0.029,0,0,0,0.114,0,0.086,0.086,0,0.057,0.171,0.229,0.057,0,0.143,0,26,0.038,0.038,0.0
0,0,0.055,0.144,0.049,0,0.031,0.098,0,0.119,0.095,0,0.052,0.101,0.193,0.012,0,0.052,0,210,0.019,0.048,0.0
0,0,0.079,0.144,0.094,0,0.032,0.072,0,0.159,0.076,0,0.083,0.061,0.134,0.007,0,0.058,0,170,0.047,0.041,0.0
15.2,32.6,0.059,0.142,0.067,0,0.02,0.082,0,0.142,0.102,0,0.042,0.121,0.171,0.008,0,0.044,0,410,0.02,0.024,0.0
0,0,0.058,0.198,0.083,0,0.025,0.05,0,0.149,0.074,0,0.066,0.074,0.14,0,0,0.083,0,78,0.064,0.013,0.0
0,0,0.06,0.149,0.075,0,0.03,0.075,0,0.134,0.015,0,0.045,0.179,0.149,0,0,0.09,0,44,0.023,0.068,0.0
0,0,0.094,0.172,0.062,0,0.016,0.047,0,0.203,0.031,0,0.047,0.031,0.156,0.016,0,0.125,0,44,0.091,0.068,0.0
0,0,0.057,0.157,0.014,0,0.029,0.1,0,0.143,0.029,0,0.014,0.129,0.271,0,0,0.057,0,47,0.043,0.021,0.0
0,0,0.064,0.158,0.052,0,0.026,0.066,0,0.149,0.097,0,0.026,0.137,0.191,0.012,0,0.021,0,285,0.025,0.025,0.0
0,0,0.065,0.086,0.054,0,0,0.043,0,0.043,0.075,0,0.043,0.237,0.301,0,0,0.054,0,66,0.03,0.0,0.0
10.0,7.4,0.016,0.143,0.048,0,0.032,0.111,0,0.175,0.079,0,0,0.079,0.222,0.016,0,0.079,0,45,0.0,0.067,0.0
0,0,0.024,0.057,0.049,0,0.016,0.065,0,0.146,0.138,0,0.065,0.065,0.301,0.008,0,0.065,0,91,0.033,0.011,0.0
0,0,0.034,0.123,0.041,0,0.041,0.062,0,0.171,0.12,0,0.034,0.086,0.226,0.007,0,0.055,0,204,0.02,0.025,0.0
0,0,0.035,0.099,0.099,0,0.012,0.029,0,0.128,0.081,0,0.105,0.07,0.25,0.012,0,0.081,0,130,0.023,0.0,0.0
0,0,0.04,0.144,0.075,0,0.042,0.088,0,0.179,0.108,0,0.049,0.051,0.148,0.002,0,0.073,0,290,0.076,0.031,0.0
0,0,0.016,0.098,0.066,0,0.049,0.082,0,0.164,0.082,0,0.033,0.098,0.246,0.016,0,0.049,0,46,0.043,0.065,0.0
53.0,59.33,0.083,0.142,0.083,0,0.018,0.101,0,0.156,0.096,0,0.041,0.101,0.142,0.005,0,0.032,0,145,0.034,0.014,0.0
0,0,0.046,0.108,0.046,0,0,0.062,0,0.185,0.062,0,0,0.092,0.369,0,0,0.031,0,55,0.0,0.0,0.0
0,0,0.047,0.112,0.108,0,0.026,0.06,0,0.142,0.091,0,0.065,0.069,0.198,0.004,0,0.078,0,151,0.026,0.026,0.0
0,0,0.014,0.114,0.032,0,0.032,0.073,0,0.068,0.095,0,0.014,0.195,0.264,0.023,0,0.077,0,168,0.024,0.006,0.0
0,0,0.091,0.091,0.086,0,0.023,0.063,0,0.137,0.057,0,0.069,0.063,0.206,0.011,0,0.103,0,128,0.062,0.055,0.0
0,0,0.02,0.204,0.041,0,0,0,0,0.163,0.122,0,0.061,0.143,0.163,0,0,0.082,0,38,0.026,0.026,0.0
0,0,0.054,0.134,0.037,0,0.037,0.067,0,0.104,0.174,0,0.034,0.07,0.208,0.007,0,0.074,0,207,0.063,0.029,0.0
2.17,1.78,0.117,0.074,0.117,0,0.043,0.106,0,0.181,0.053,0,0.043,0.032,0.17,0.011,0,0.053,0,62,0.081,0.113,0.0
0,0,0.023,0.098,0.06,0,0.008,0.083,0,0.143,0.135,0,0.098,0.075,0.18,0.008,0,0.09,0,93,0.054,0.022,0.0
0,0,0.017,0.056,0.106,0,0.045,0.101,0,0.106,0.101,0,0.095,0.061,0.229,0.017,0,0.067,0,122,0.033,0.025,0.0
0,0,0.092,0.127,0.021,0,0.007,0.085,0,0.106,0.063,0,0.035,0.218,0.204,0,0,0.042,0,101,0.01,0.0,0.0
0,0,0.045,0.118,0.073,0,0.018,0.018,0,0.127,0.164,0,0.027,0.091,0.236,0.009,0,0.073,0,81,0.025,0.025,0.0
3.58,2.5,0.023,0.098,0.06,0,0.008,0.083,0,0.143,0.135,0,0.098,0.075,0.18,0.008,0,0.09,0,93,0.054,0.022,0.0
0,0,0.062,0.198,0.062,0,0.012,0.025,0,0.173,0.136,0,0.037,0.074,0.198,0,0,0.025,0,58,0.069,0.017,0.0
5.88,5.29,0.073,0.122,0.117,0,0.044,0.063,0,0.141,0.068,0,0.059,0.068,0.176,0.01,0,0.059,0,132,0.015,0.106,0.0
0,0,0.012,0.071,0.047,0,0.035,0.059,0,0.059,0.106,0,0.071,0.224,0.212,0.012,0,0.094,0,62,0.016,0.016,0.0
0,0,0.073,0.139,0.067,0,0.024,0.073,0,0.109,0.103,0,0.042,0.121,0.145,0,0,0.103,0,108,0.028,0.037,0.0
2.47,2.47,0.044,0.175,0.066,0,0.005,0.109,0,0.213,0.055,0,0.033,0.066,0.137,0.016,0,0.082,0,112,0.009,0.018,0.0
49.0,46.0,0.058,0.14,0.023,0,0.006,0.012,0,0.116,0.198,0,0.012,0.233,0.163,0,0,0.041,0,134,0.03,0.0,0.0
0,0,0.06,0.103,0.103,0,0.035,0.065,0,0.109,0.057,0,0.101,0.076,0.177,0.014,0,0.101,0,245,0.02,0.053,0.0
0,0,0.054,0.15,0.054,0,0.018,0.042,0,0.162,0.174,0,0.024,0.096,0.186,0,0,0.042,0,122,0.016,0.008,0.0
0,0,0.049,0.172,0.078,0,0.047,0.039,0,0.162,0.142,0,0.022,0.12,0.145,0.002,0,0.022,0,266,0.011,0.023,0.0
7.81,8.62,0.026,0.105,0.105,0,0.013,0.066,0,0.145,0.184,0,0.053,0.046,0.151,0.007,0,0.099,0,107,0.047,0.009,0.0
0,0,0.058,0.142,0.133,0,0.033,0.058,0,0.175,0.158,0,0.008,0.1,0.108,0.008,0,0.017,0,77,0.026,0.052,0.0
5.93,4.07,0.07,0.128,0.081,0,0.023,0.012,0,0.105,0.081,0,0.012,0.244,0.209,0,0,0.035,0,68,0.015,0.044,0.0
0,0,0.042,0.177,0.052,0,0.031,0.083,0,0.125,0.177,0,0.01,0.135,0.104,0.021,0,0.042,0,65,0.031,0.015,0.0
0,0,0.085,0.164,0.061,0,0.028,0.08,0,0.183,0.061,0,0.033,0.047,0.197,0.014,0,0.047,0,139,0.0,0.022,0.0
0,0,0.047,0.178,0.065,0,0.009,0.047,0,0.234,0.075,0,0.047,0.103,0.14,0,0,0.056,0,75,0.0,0.027,0.0
5.33,4.0,0.09,0.09,0.101,0,0.011,0.079,0,0.146,0.112,0,0.056,0.101,0.169,0,0,0.045,0,60,0.017,0.017,0.0
0,0,0.059,0.146,0.066,0,0.021,0.086,0,0.134,0.103,0,0.043,0.096,0.182,0.01,0,0.054,0,476,0.019,0.025,0.0
14.94,15.61,0.062,0.123,0.037,0,0.012,0.086,0,0.148,0.111,0,0.037,0.148,0.21,0,0,0.025,0,58,0.069,0.0,0.0
5.25,5.62,0.087,0.173,0.071,0,0.016,0.079,0,0.228,0.071,0,0.016,0.087,0.134,0,0,0.039,0,85,0.047,0.047,0.0
3.67,2.6,0.07,0.166,0.043,0,0.032,0.07,0,0.16,0.123,0,0.037,0.064,0.193,0.005,0,0.037,0,122,0.016,0.049,0.0
16.8,11.4,0.051,0.128,0.06,0,0.026,0.017,0,0.145,0.017,0,0.034,0.128,0.325,0,0,0.068,0,86,0.035,0.0,0.0
0,0,0.066,0.139,0.066,0,0.007,0.058,0,0.19,0.095,0,0.036,0.102,0.19,0,0,0.051,0,103,0.01,0.039,0.0
10.8,9.2,0.011,0.074,0.074,0,0.032,0.063,0,0.147,0.211,0,0.074,0.042,0.168,0.011,0,0.095,0,65,0.046,0.0,0.0
29.22,16.11,0.048,0.082,0.103,0,0.021,0.048,0,0.103,0.103,0,0.068,0.11,0.253,0.007,0,0.055,0,105,0.01,0.01,0.0
57.0,63.0,0.014,0.108,0.014,0,0.014,0.054,0,0.162,0.189,0,0.014,0.162,0.23,0,0,0.041,0,55,0.0,0.0,0.0
0,0,0.035,0.148,0.077,0,0.024,0.09,0,0.137,0.101,0,0.057,0.059,0.19,0.009,0,0.073,0,379,0.013,0.058,0.0
2.24,2.18,0.053,0.13,0.053,0,0.053,0.058,0,0.14,0.077,0,0.034,0.092,0.246,0.01,0,0.053,0,146,0.048,0.014,0.0
2.33,4.0,0.04,0.11,0.06,0,0.03,0.08,0,0.2,0.13,0,0.04,0.05,0.18,0,0,0.08,0,72,0.028,0.028,0.0
0,0,0.043,0.233,0.078,0,0.026,0.043,0,0.233,0.078,0,0.017,0.078,0.147,0,0,0.026,0,73,0.068,0.082,0.0
0,0,0,0.145,0.055,0,0.018,0.055,0,0.182,0.109,0,0.036,0.073,0.236,0.018,0,0.073,0,41,0.049,0.024,0.0
5.82,4.55,0.047,0.088,0.083,0,0.021,0.104,0,0.202,0.062,0,0.067,0.047,0.197,0.005,0,0.078,0,128,0.008,0.062,0.0
7.64,6.0,0.034,0.086,0.017,0,0.017,0.017,0,0.172,0.086,0,0,0.207,0.31,0,0,0.052,0,47,0.021,0.021,0.0
0,0,0.056,0.146,0.011,0,0.011,0.124,0,0.157,0.09,0,0.011,0.09,0.247,0.011,0,0.045,0,64,0.047,0.031,0.0
16.62,12.75,0.085,0.131,0.046,0,0.015,0.077,0,0.162,0.115,0,0.031,0.092,0.208,0,0,0.038,0,91,0.033,0.022,0.0
12.58,11.67,0.036,0.109,0.079,0,0.013,0.086,0,0.151,0.105,0,0.076,0.082,0.194,0.007,0,0.062,0,204,0.005,0.025,0.0
91.0,52.0,0.072,0.159,0.101,0,0.029,0.072,0,0.188,0.058,0,0.029,0.101,0.145,0,0,0.043,0,44,0.0,0.0,0.0
0,0,0.078,0.089,0.056,0,0.033,0.067,0,0.189,0.111,0,0.011,0.122,0.211,0,0,0.033,0,65,0.046,0.046,0.0
0,0,0.023,0.205,0.068,0,0.068,0.023,0,0.227,0.068,0,0.045,0.114,0.114,0,0,0.045,0,29,0.069,0.034,0.0
6.57,7.14,0.044,0.124,0.062,0,0.022,0.08,0,0.213,0.102,0,0.031,0.049,0.2,0.009,0,0.062,0,166,0.054,0.006,0.0
0,0,0.057,0,0.057,0,0,0,0,0.136,0.205,0,0.011,0.159,0.375,0,0,0,0,67,0.0,0.0,0.0
0,0,0.056,0.14,0.103,0,0.037,0.065,0,0.131,0.112,0,0.056,0.131,0.093,0,0,0.075,0,68,0.015,0.015,0.0
16.27,16.09,0.029,0.164,0.064,0,0.029,0.093,0,0.143,0.093,0,0.021,0.129,0.164,0.007,0,0.064,0,92,0.0,0.054,0.0
0,0,0.062,0.152,0.084,0,0.028,0.062,0,0.124,0.09,0,0.051,0.084,0.157,0.017,0,0.09,0,122,0.074,0.082,0.0
17.73,21.09,0.041,0.123,0.062,0,0.012,0.066,0,0.148,0.111,0,0.037,0.136,0.189,0.016,0,0.058,0,164,0.037,0.03,0.0
0,0,0.034,0.145,0.017,0,0.043,0.094,0,0.154,0.077,0,0.043,0.094,0.214,0,0,0.085,0,79,0.038,0.051,0.0
0,0,0.053,0.14,0.088,0,0.035,0.07,0,0.105,0.158,0,0,0.105,0.193,0,0,0.053,0,42,0.048,0.0,0.0
0,0,0,0.104,0.042,0,0.021,0.104,0,0.188,0.104,0,0.083,0.062,0.188,0,0,0.104,0,32,0.0,0.031,0.0
0,0,0.054,0.107,0.018,0,0.018,0.018,0,0.25,0.161,0,0.018,0.071,0.214,0,0,0.071,0,42,0.024,0.024,0.0
0,0,0.05,0.175,0,0,0.025,0.1,0,0.15,0.025,0,0.075,0.15,0.125,0,0,0.125,0,26,0.077,0.0,0.0
0,0,0.062,0.128,0.095,0,0.026,0.076,0,0.122,0.062,0,0.043,0.082,0.224,0.013,0,0.066,0,215,0.019,0.051,0.0
11.93,11.5,0.062,0.164,0.055,0,0.062,0.059,0,0.168,0.125,0,0.031,0.098,0.113,0.004,0,0.059,0,169,0.024,0.059,0.0
0,0,0.062,0.154,0.062,0,0,0,0,0.123,0.2,0,0.031,0.092,0.246,0.015,0,0.015,0,50,0.02,0.02,0.0
12.67,7.67,0.032,0.177,0.048,0,0,0.065,0,0.242,0.113,0,0.032,0,0.226,0,0,0.065,0,44,0.045,0.0,0.0
0,0,0,0.135,0.135,0,0,0.027,0,0.135,0,0,0.135,0.135,0.189,0,0,0.108,0,27,0.0,0.074,0.0
0,0,0.02,0.122,0.061,0,0.02,0.02,0,0.143,0.224,0,0,0.102,0.286,0,0,0,0,43,0.023,0.0,0.0
0,0,0.041,0.134,0.072,0,0.01,0.082,0,0.144,0.113,0,0.072,0.093,0.175,0,0,0.062,0,66,0.045,0.015,0.0
0,0,0.068,0.128,0.06,0,0.008,0.079,0,0.132,0.113,0,0.06,0.109,0.174,0.008,0,0.06,0,180,0.033,0.011,0.0
0,0,0.06,0.078,0.069,0,0.026,0.034,0,0.147,0.086,0,0.034,0.121,0.302,0.017,0,0.026,0,92,0.033,0.054,0.0
7.53,5.53,0.065,0.13,0.078,0,0.013,0.091,0,0.117,0.091,0,0.026,0.143,0.221,0,0,0.026,0,55,0.018,0.018,0.0
0,0,0.052,0.162,0.089,0,0.047,0.068,0,0.194,0.11,0,0.037,0.037,0.152,0,0,0.052,0,123,0.016,0.089,0.0
0,0,0.063,0.079,0.106,0,0.042,0.101,0,0.153,0.053,0,0.058,0.063,0.222,0.011,0,0.048,0,122,0.025,0.041,0.0
21.2,19.2,0.055,0.082,0.041,0,0,0.041,0,0.068,0.068,0,0.027,0.342,0.219,0,0,0.055,0,44,0.0,0.0,0.0
0,0,0.111,0.143,0.127,0,0.016,0.048,0,0.063,0.032,0,0.032,0.238,0.159,0,0,0.032,0,41,0.0,0.024,0.0
0,0,0.108,0.178,0.076,0,0.013,0.07,0,0.185,0.07,0,0.019,0.064,0.178,0.006,0,0.032,0,104,0.058,0.019,0.0
0,0,0.039,0.118,0.069,0,0.02,0.147,0,0.186,0.049,0,0.029,0.078,0.225,0,0,0.039,0,70,0.014,0.043,0.0
0,0,0.049,0.098,0.057,0,0.016,0.049,0,0.115,0.205,0,0,0.115,0.254,0,0,0.041,0,99,0.02,0.02,0.0
0,0,0.043,0.135,0.031,0,0.027,0.077,0,0.137,0.072,0,0.077,0.111,0.205,0.01,0,0.075,0,280,0.039,0.025,0.0
5.68,5.0,0.046,0.053,0.073,0,0.013,0.033,0,0.179,0.166,0,0.04,0.139,0.205,0,0,0.053,0,114,0.0,0.018,0.0
7.0,4.69,0.09,0.03,0.03,0,0.015,0.06,0,0.149,0.09,0,0.015,0.179,0.269,0,0,0.075,0,43,0.0,0.0,0.0
0,0,0.056,0.138,0.133,0,0.02,0.077,0,0.138,0.051,0,0.036,0.097,0.204,0.01,0,0.041,0,136,0.029,0.044,0.0
53.0,38.0,0.051,0.177,0.089,0,0.025,0.089,0,0.203,0.101,0,0.013,0.089,0.165,0,0,0,0,57,0.053,0.07,0.0
19.5,20.28,0.047,0.124,0.047,0,0.041,0.08,0,0.146,0.108,0,0.041,0.133,0.169,0.008,0,0.055,0,257,0.016,0.035,0.0
11.42,9.92,0.025,0.123,0.086,0,0,0.031,0,0.184,0.123,0,0.067,0.11,0.172,0.006,0,0.074,0,124,0.0,0.056,0.0
0,0,0.067,0.089,0,0,0,0.044,0,0.111,0.089,0,0,0.289,0.289,0,0,0.022,0,31,0.0,0.0,0.0
0,0,0.025,0.19,0.098,0,0.043,0.092,0,0.172,0.104,0,0.018,0.074,0.129,0.012,0,0.043,0,91,0.022,0.022,0.0
38.25,27.0,0.065,0.148,0.107,0,0.041,0.053,0,0.136,0.071,0,0.036,0.148,0.172,0.006,0,0.018,0,115,0.035,0.026,0.0
12.92,12.67,0.087,0.152,0.065,0,0,0.087,0,0.174,0.13,0,0,0.087,0.174,0,0,0.043,0,33,0.03,0.091,0.0
3.61,2.83,0.075,0.175,0.075,0,0,0.075,0,0.1,0.05,0,0.025,0.075,0.225,0.025,0,0.1,0,29,0.034,0.069,0.0
0,0,0.025,0.134,0.038,0,0.011,0.049,0,0.139,0.175,0,0.025,0.128,0.21,0.003,0,0.063,0,284,0.014,0.025,0.0
29.0,31.5,0.062,0.083,0.062,0,0.01,0.052,0,0.094,0.073,0,0.031,0.177,0.281,0,0,0.073,0,77,0.0,0.0,0.0
0,0,0.037,0.21,0,0,0.012,0.049,0,0.235,0.086,0,0.037,0.099,0.16,0,0,0.074,0,57,0.035,0.035,0.0
6.54,5.62,0.037,0.091,0.059,0,0.019,0.096,0,0.141,0.096,0,0.066,0.098,0.204,0.023,0,0.07,0,291,0.027,0.048,0.0
31.06,30.94,0.045,0.073,0.036,0,0.014,0.082,0,0.182,0.15,0,0.018,0.136,0.232,0.005,0,0.027,0,164,0.012,0.018,0.0
0,0,0.025,0.106,0.061,0,0.019,0.1,0,0.147,0.103,0,0.072,0.086,0.175,0.028,0,0.078,0,239,0.033,0.054,0.0
0,0,0.027,0.116,0.075,0,0.014,0.116,0,0.119,0.061,0,0.085,0.109,0.198,0.01,0,0.068,0,192,0.036,0.026,0.0
0,0,0.065,0.258,0,0,0.032,0,0,0.29,0.097,0,0,0.097,0.097,0,0,0.065,0,22,0.091,0.091,0.0
19.14,18.57,0.042,0.085,0.104,0,0.038,0.08,0,0.118,0.113,0,0.033,0.085,0.236,0,0,0.066,0,150,0.073,0.033,0.0
4.94,5.06,0.058,0.143,0.06,0,0.033,0.073,0,0.189,0.073,0,0.033,0.075,0.175,0.008,0,0.079,0,351,0.037,0.043,0.0
12.44,9.19,0.016,0.072,0.096,0,0.016,0.048,0,0.192,0.144,0,0.008,0.144,0.184,0,0,0.08,0,90,0.011,0.011,0.0
